model,prompt,Object Alignment,Attribute Alignment,Interaction Alignment,Overall Alignment,Texture Clarity,Texture Aesthetics,Geometry Loss,Geometry Redundancy,Geometry Roughness,Overall Visual,3D Authentic,Overall Quality
3DTopia,A asymmetrical flower,3,3.666666667,0,3,3,3,3.666666667,4,4,3,4.333333333,3.333333333
3DTopia,A baby dragon leaning against a wolf knight,1.333333333,0,1,1.333333333,2.333333333,2,2.333333333,4,2.666666667,2,4,2
3DTopia,A badge shaped like a shield,4,5,0,4,3,3.333333333,4.333333333,4,4,3.666666667,5,4
3DTopia,A bag with a body shaped like a giant seashell,2,4,0,3,3,3,3,4,3,3,4.666666667,3
3DTopia,A bat with fan-shaped ears and black wings with pink polka dots,1,1,0,1,1,1,1,1,1,1,2,1.666666667
3DTopia,A beagle in a detective's outfit,2,1,0,1.333333333,1,1,1,1,1,1,3,1.666666667
3DTopia,A bear reading the newspaper,1,0,1,1,1,1,1,1,1,1,1,1
3DTopia,A bee above a flower made of red silk,3,3.333333333,2.333333333,2.333333333,3,2.333333333,3,3.666666667,3,2.333333333,2,1.666666667
3DTopia,A bicycle crafted from bones of mythical creatures,1,1,0,1,1,1,1,1,1,1,1,1
3DTopia,A bird on a branch,1,0,1,1,1,1,1,1,1,1,2.333333333,2
3DTopia,A bird pecking at a shiny necklace on a table,1,1,1,1,1,1,1,1,1,1,4,2
3DTopia,A bird with a pointed beak,4,4,0,4,3,3,3,5,4,3,4.666666667,3
3DTopia,A bird with rainbow feathers,1,1,0,1,1,1,1,1,1,1,1,1
3DTopia,A black bicycle with a curved handlebar,1,1,0,1,1,1,1,1,1,1,3.666666667,3.666666667
3DTopia,A black camera,1.666666667,3.666666667,0,1.666666667,3,2.333333333,3,3.666666667,4,2,4,2
3DTopia,A black cat,1.333333333,1.333333333,0,1.333333333,1,1,1,1,1,1,4,2
3DTopia,A black cat knocking over a glass with its paw extended,1,1,1,1,1,1,1,1,1,1,1,1
3DTopia,A black cat sitting on a soft cushion,2,2,1,2,2.666666667,2,3,3,3.333333333,1.666666667,2,1.666666667
3DTopia,A black leather jacket with silver zippers,2.666666667,3.333333333,0,3,3,3,2.666666667,4,4,2.666666667,4.333333333,3
3DTopia,A black motorcycle with rearview mirror,1,1.333333333,0,1,1,1,1,1,1,1,1,1
3DTopia,A black panther with slender claws and yellow eyes,1.333333333,2,0,2,1,1,1,1,1,1,4,2
3DTopia,A black tall hat with a yellow ribbon,2,3,0,2.666666667,3,2.666666667,2,3,4,2,1,1
3DTopia,A blue backpack with a red printed pattern and transparent pockets on the side,3.333333333,4,0,4,3,2.333333333,2,4,3,2.666666667,5,2.666666667
3DTopia,A blue butterfly on a pink flower,2.333333333,3,2,2.333333333,2.333333333,2.333333333,2,3,3,2,2,2
3DTopia,A blue denim jacket draped over a chair,4,4,4,4,3,2,3.666666667,4,3.333333333,3,3.333333333,2.666666667
3DTopia,A blue ottoman with a padded top,3.666666667,2,0,3,3,3.666666667,3,5,3.666666667,3,5,2.666666667
3DTopia,A blue parrot perching on a tree branch,1,1,1,1,2,1,2.333333333,2.333333333,3,1.333333333,2,2
3DTopia,A blue parrot with white feathers and a yellow beak,2.333333333,2,0,2,2,1.333333333,2.333333333,4,3.333333333,2,2,2
3DTopia,A blue scarf,3,4,0,3,3,3,3,4,4,3,4,3
3DTopia,A bonsai with metal leaves,3,2,0,2,3,2.333333333,2,4,4,2.333333333,4,2
3DTopia,A bright yellow rubber duck floats in a sudsy bathtub,1,1,1,1,1,1,1,1,1,1,1,1
3DTopia,A bright yellow school bus with black tires and a stop sign,1.333333333,2.666666667,0,2,1,1,1,1,1,1,4,2
3DTopia,A bronze statue,4,4,0,4,3,2.333333333,3.666666667,3,4,3,5,3
3DTopia,A brown bear playing with a ball of yarn,2,3.666666667,2,2,1,1,1,1,1,1,2,1.666666667
3DTopia,"A brown bear with black eyes and thick, shaggy fur",1,1,0,1,2.333333333,2,3,4.333333333,3.333333333,2,4,2
3DTopia,A brown dog,2,4,0,2.333333333,2.666666667,2.666666667,2,4,4,2,3.666666667,2
3DTopia,A brown fox wearing a hat,1,1,0,1,1,1,1,1,1,1,1,1
3DTopia,A brown horse standing near a cow,2,4,2,2,3,3,3.666666667,3,3,3,3,2
3DTopia,A brown sweater with a snowflake pattern,4,3.333333333,0,3.666666667,3.333333333,2.333333333,2.333333333,3,3,3,4,3
3DTopia,"A bulky elephant with a cylindrical trunk and thick, pillar-like legs",2,3,0,2,3,2,2,3,3.666666667,2,2.666666667,2
3DTopia,A bush with green leaves covered with golden gemstones,2.666666667,3,0,3,3,2,3,3,3,2,4,2
3DTopia,A butterfly landing on a wide-brimmed hat placed on a chair,1,1,1,1,1,1,1,1,1,1,1,1
3DTopia,A butterfly on a flower,3,0,2,2.333333333,3,3,2.333333333,3,3.333333333,2.666666667,2,1.333333333
3DTopia,A butterfly with blue and white pattern inside an iron oven,1,1,1,1,2,2,3.333333333,3.333333333,3,2,3,1.666666667
3DTopia,A butterfly with vibrant wings resting on a blooming sunflower,2.333333333,2,1.666666667,2,2.333333333,2,2.333333333,2.333333333,3,1.666666667,2,2
3DTopia,A butterfly with wings made of stained glass,4,4.333333333,0,4,3.333333333,4,3.666666667,4.666666667,4,4,4,3.666666667
3DTopia,A cactus with a spiral pattern on its surface and covered with glittering golden spines,2,2,0,2.333333333,3,3,2.666666667,4,4,2.333333333,4,2
3DTopia,A cactus with arms of different lengths shaped like a candelabra,2,2.666666667,0,2,3,2.666666667,3,4,4,2,3.333333333,2
3DTopia,A cactus with red flowers,1.333333333,3,0,2,3,2.333333333,2,3.333333333,4,2,2,2
3DTopia,A cake on a ceramic plate,3.666666667,3,4,3.333333333,3,2.666666667,3,4,3,2.666666667,4,3.5
3DTopia,A car parked next to a red bicycle,1,0,1,1,1,1,1,1,1,1,1,1
3DTopia,A car shaped like sushi,1.333333333,2,0,2,1,1,1,1,1,1,2,2
3DTopia,A car with square wheels,1,2.666666667,0,2,3,3,2.333333333,4,4,2.333333333,4,1.666666667
3DTopia,A castle with a rainbow-colored exterior and hieroglyphs written all over it,2,2,0,2,3,3,3,4,4,2.666666667,4,2
3DTopia,"A cat, one eye missing",2,1,0,1.333333333,1,1,1,1,1,1,1.333333333,1.333333333
3DTopia,A cat below a chair,2.333333333,0,1.333333333,2,1,1,1,1,1,1,3,2
3DTopia,A cat curling up on a bicycle with tail batting at the seat,1,0,1,1,2,2,2.666666667,4,3,1.333333333,1,1
3DTopia,A cat pawing at a toy,2,0,1,1.333333333,2.333333333,2.333333333,3.666666667,4,3,2.333333333,3,1.333333333
3DTopia,A cat with two different colored eyes,1,1,0,1,1,1,1,1,1,1,1,1
3DTopia,A cat with wings,1,1,0,1,1,1,1,1,1,1,1,1
3DTopia,A cat wizard wearing a magic hat,1,1,0,1,2,1.666666667,2.333333333,3.333333333,3,1.666666667,2,1.666666667
3DTopia,A chair with a seat shaped like a giant leaf,4.666666667,3.333333333,0,4,3,2.666666667,4.333333333,4,4,3,5,3
3DTopia,A chair with legs made of vines and a gradient seat that changes from purple to red,4,2,0,2.666666667,3,3,2.333333333,4,3.333333333,3,4.666666667,2.333333333
3DTopia,A cherry blossom tree with pink petals and gray branches,4,3,0,3.333333333,3,3,2,4,4,2,4.333333333,2
3DTopia,A chimpanzee carrying a backpack,2,0,1.333333333,1.333333333,1,1,1,1,1,1,2,1.333333333
3DTopia,A church with a tall steeple located near a modern house with large windows,3,3,2,2.666666667,3,3,4,4,3.666666667,3,4,3
3DTopia,A circular white clock,4,4,0,4,3,3,4,4,3.666666667,3,4.666666667,3.333333333
3DTopia,"A clay vase with a round base, and a floral pattern",4,3,0,3.666666667,3,3,2.333333333,4,3.333333333,3,4,3
3DTopia,A collection of fresh vegetables arranged in a wicker basket,2.666666667,3,2,2,2.666666667,2,2.666666667,3,3,2,3,2
3DTopia,A colored mushroom growing on a log,2,2.333333333,3,2,2,1.666666667,3,3,3,1.666666667,2,2
3DTopia,A colorful dragonfly on a desk with wings opening,1,1,1,1,1,1,1,1,1,1,1.333333333,1
3DTopia,"A colorful fruit salad with sliced strawberries, and blueberries",1.333333333,3.333333333,0,2,4,2.333333333,3.666666667,4,3,2.333333333,1.333333333,2
3DTopia,A colorful ladybug in a glass bottle,2.666666667,2,1.666666667,1.666666667,2,1.666666667,2,3,2.333333333,1.666666667,3,2
3DTopia,A conical castle tower with a pointed roof and arched windows,5,4,0,4,3,3,3,4.666666667,3,3.333333333,5,3
3DTopia,A conical tower,2.666666667,2,0,2,3,2.666666667,3,4.666666667,4,3,5,2.333333333
3DTopia,A corgi dog lying on a sofa with head resting on a cushion,1,0,1,1,1,1,1,1,1,1,1,1
3DTopia,A crocodile below a table,2,0,1,1.333333333,2,2,1,4,4,1.333333333,2,2
3DTopia,A crystal key hanging on a metal hook,2,2.333333333,2,2,2.666666667,2.333333333,3.333333333,4,3.666666667,2,4,2
3DTopia,A cup full of colorful pens and pencils,3,3,0,3,2,2.333333333,4,4.666666667,4,2,4,3
3DTopia,A curved brush,2,2,0,2,1,1,1,1,1,1,1,1
3DTopia,A cylindrical chair,2,4,0,2.333333333,3.333333333,3,4,4.333333333,4.333333333,3,3.666666667,2
3DTopia,A deer standing near the ruins of a stone castle with ears perking up,2,2,1.333333333,2,2,2,1.666666667,3.666666667,3,1.666666667,2,2
3DTopia,A deer with antlers of various sizes in the shape of branches,1,1.333333333,0,1,2,2,2.333333333,3,4,2,1,1
3DTopia,A delicate porcelain teacup painted with flowers rests on a saucer,2.333333333,3,2,2.666666667,2.666666667,2.333333333,3,4,3,2.333333333,4,2.666666667
3DTopia,A delicious sandwich next to a pile of crispy,1.333333333,0,1.333333333,1.333333333,1,1,1,1,1,1,3.666666667,2
3DTopia,A dog barking at a cat,1,0,1,1,1,1,1,1,1,1,1,1
3DTopia,A dog eating a piece of bread on the table with tail raising,1,1,1,1,1,1,1,1,1,1,1,1
3DTopia,A dog sitting next to a white cat,1,1,1,1,1,1,1,1,1,1,1,1
3DTopia,A dog wearing extremely cool sneakers,1,1,0,1,1,1,1,1,1,1,1,1
3DTopia,A dog with a beard and ears shaped like butterfly wings,2,1,0,1,1,1,1,1,1,1,4,1.666666667
3DTopia,A dragon curled up on a floating sofa with tail wrapped around a cushion,1,0,1,1,1,1,1,1,1,1,1,1
3DTopia,A dragon holding a staff wrapped in glowing vines with a crown on his head,1,1,1,1,1,1,1,1,1,1,1,1
3DTopia,A dragon with metallic scales,1,1.333333333,0,1,3,3,2.333333333,2.666666667,3.333333333,2,1,1
3DTopia,A dragonfly in a water tank,1.333333333,0,1.333333333,1.333333333,1,1,1,1,1,1,2,2
3DTopia,A drone with balanced propellers,3.333333333,4,0,3.333333333,3,2,3,4,4,3,4,3
3DTopia,A duck chasing a toy boat,1.666666667,1,1.666666667,1,2,1.333333333,3,3.666666667,3,2,3,2
3DTopia,A fat owl wearing a black gown,1,1,0,1,1,1,1,1,1,1,1,1
3DTopia,A fat penguin,1,1.333333333,0,1,1,1,1,1,1,1,1,1
3DTopia,A fat wolf with pink fur,1,1,0,1,1,1,1,1,1,1,2,2
3DTopia,A fish with deep black scales speckled with stars,3.333333333,2,0,2,3,3,2,3,3.666666667,2.333333333,3.666666667,2
3DTopia,A fish-shaped shoe,1,2.333333333,0,1.333333333,3,3,2.333333333,3,4,2.333333333,3,2
3DTopia,A floral dress hanging on a coat rack,3,4.333333333,1,2.333333333,3.666666667,3.666666667,3,3.333333333,4,3,4,3
3DTopia,A flower on a table,2,0,1.333333333,1.333333333,2,2,2.333333333,3,3.333333333,2,3,1.666666667
3DTopia,A flower that blooms petals shaped like butterflies,2,1.666666667,0,2,3,2.666666667,2,3,4,2,3.666666667,2
3DTopia,A flower with petals made of soft pink silk,3.666666667,3,0,3.333333333,2,2,3,3.666666667,3.666666667,2.333333333,3,2.333333333
3DTopia,A flower with round copper petals,3.333333333,2,0,2,2.666666667,2.333333333,3,4,3,2.666666667,4.333333333,3
3DTopia,A flower with star-shaped petals,2.333333333,2,0,2,3,3,2,3,4,2.333333333,3.333333333,2
3DTopia,A fluffy cat lying on its back on a couch,1,1,1,1,1,1,1,1,1,1,1,1
3DTopia,A footballer kicking a ball,2,0,1.333333333,1.666666667,2.666666667,2,3.666666667,4,3.666666667,2.333333333,3.333333333,2
3DTopia,A fox holding a basketball,3,0,2.333333333,2.333333333,3,2,3,3.666666667,3,2.333333333,3,2.666666667
3DTopia,A fox lying on a couch and watching television with a coffee cup in his hand,2,1,1.666666667,1.666666667,1,1,1,1,1,1,2,1.666666667
3DTopia,A fox on a maple leaf with tail draped over the edges,2,0,1.333333333,1.333333333,3,2.333333333,3.333333333,3,3,2,2.666666667,1.333333333
3DTopia,A fox taking a photograph using a DSLR,2.333333333,0,2,2,1,1,1,1,1,1,3,1.666666667
3DTopia,A fox wearing a tailored suit and a tie,3.333333333,3.333333333,0,3.333333333,3,2.333333333,2.333333333,4,4,3,4,3
3DTopia,"A fox with a bushy, crescent-shaped tail and pointed ears",2.333333333,3,0,3,3,3,3.666666667,4,4,3,3,2.666666667
3DTopia,"A fox with nine tails, each of which is made of metal",1,1,0,1,1,1,1,1,1,1,1,1
3DTopia,A frog inside a refrigerator full of fruits and vegetables,1,1,1,1,1,1,1,1,1,1,2,2
3DTopia,A frog on a lily pad,1,0,1,1,2,1.666666667,2,3.333333333,3,1.333333333,2.333333333,1.666666667
3DTopia,A frog with a mechanical heart,1.333333333,1,0,1,2,2,1.333333333,1.333333333,2.333333333,2,1,1
3DTopia,A fruit basket filled with apples and oranges on a table,1,1,1,1,1,1,1,1,1,1,1,1
3DTopia,A fruit basket holding apples,2.333333333,0,2,2,3,3,2,4,3.333333333,3,3,2
3DTopia,A fruit basket on a table,1,0,1,1,2,2,3.333333333,2.666666667,4,1.666666667,4,1.666666667
3DTopia,A gaming console with a gray plastic shell and red buttons,3,3.333333333,0,3,3,3,3,4,3,2.666666667,4,3.333333333
3DTopia,A giant ant standing on a blue crystal ball,1,1,1,1,1,1,1,1,1,1,1,1
3DTopia,A goat drinking beer,1.333333333,0,1.333333333,1,1,1,1,1,1,1,1,1
3DTopia,A gold necklace lying on a wooden table next to a pair of earrings,3.666666667,4,3,3,2.333333333,3,4,4,4,3,4,2.333333333
3DTopia,A gold necklace with a circular pendant,2,3,0,2,3,2.333333333,3,4,3,2.666666667,3.666666667,2
3DTopia,A golden croissant with a flaky layer of butter and a smooth finish,2,2,0,2,3,3,3,4.333333333,3,3,4,2.333333333
3DTopia,A golden motorcycle,4,4,0,4,3,3,3,4,4,3,4.666666667,3.333333333
3DTopia,A golden ring with a miniature castle built atop the band,4,4,0,4,3,3,4,4.666666667,4,4,5,4
3DTopia,A goldfish on a guitar,1,0,1,1,1,1,1,1,1,1,1,1
3DTopia,A gray car shaped like a toast,1,2,0,1,3,2,4,4,3.666666667,2,1,1
3DTopia,A gray cotton t-shirt with a printed logo,4,2.333333333,0,2.666666667,3,3,3,3,3,3,4.666666667,3
3DTopia,A gray dog licking an ice cream cone,1,1,1,1,1,1,1,1,1,1,1,1
3DTopia,A gray elephant with a long trunk,2.333333333,2,0,2.333333333,3,3,2,2.666666667,4,2,4,2
3DTopia,A gray horse with a long mane and wrinkled skin,2.333333333,2,0,2,2.666666667,2.666666667,2.333333333,3.666666667,4,2.333333333,2.666666667,2
3DTopia,A gray knife shaped like a leaf,2,3,0,2,3,3,4,4.333333333,4,3,4,2.333333333
3DTopia,A gray skyscraper with rectangular windows,5,4,0,4,3,2.333333333,4,4,3,3.333333333,5,4.333333333
3DTopia,A gray submarine resembling a giant fish,4,4,0,4,3,3,4,5,4,3.333333333,5,4
3DTopia,A gray wrench,1.333333333,3,0,2,3,3,4,5,5,3,4.333333333,2
3DTopia,A green bowl with a wide rim and a ceramic texture,3,3.333333333,0,3,2,2,2,3.666666667,3,2,4,2
3DTopia,A green cactus in a clay pot,3.333333333,3,3,3,2.666666667,2.666666667,2.666666667,4,3,2.666666667,3,2.333333333
3DTopia,A green cactus with sharp spines,2,3,0,2,3,2,2.333333333,4,3,2,3.333333333,2
3DTopia,A green flute with a cylindrical shape and finger holes,4,4,0,4,3,3,4.333333333,4,5,3,4,3.333333333
3DTopia,A phoenix with a long beak and wings shaped like a flame fan,1.333333333,1,0,1,2.666666667,2,2.666666667,3,4,2,1,1
3DTopia,A phoenix with golden feathers,1,1,0,1,1,1,1,1,1,1,1,1
3DTopia,A piano with keys that sparkle like crushed diamonds,1,1,0,1,1,1,1,1,1,1,1,1
3DTopia,A pig playing a drum set,1,0,1,1,1,1,1,1,1,1,1,1
3DTopia,A pigeon reading a book,1,0,1,1,1,1,1,1,1,1,3,2
3DTopia,A pile of burning firewood in a refrigerator with the door open,2,2.666666667,1,2,3,3,2,4,3.666666667,2.666666667,3,2
3DTopia,"A pine tree with a tall, conical form",4,2,0,3,3,3,3,3,4,3,4,3
3DTopia,A pink boat,3.333333333,4,0,3.666666667,2,2,3,3,3,2,4,2.666666667
3DTopia,A pink cherry blossom with a slender branch,3,4,0,3,2.666666667,3,2,3,3.333333333,2,2,2
3DTopia,A pink desk lamp shaped like a trumpet flower,3,3,0,3,2.666666667,2.666666667,4,4.333333333,4,3,4,3
3DTopia,A pink pig with a curly tail,2,3,0,2,3,2.333333333,2.666666667,3.666666667,3.333333333,2.333333333,3,2
3DTopia,A pink rose with a ruby in the center,2.333333333,2.666666667,0,2,2,2,2.666666667,2.333333333,2.666666667,1.666666667,2.333333333,1.333333333
3DTopia,A pink shark,2.666666667,4,0,3,3,2,3,3.333333333,3.333333333,2,3,2.333333333
3DTopia,A pink smartwatch with a square face and a silicone band,1,2,0,1,1,1,1,1,1,1,3.333333333,2
3DTopia,A pink vase filled with white lilies,2,3.333333333,0,2.333333333,2.666666667,2.333333333,2.333333333,4,3,2.333333333,3,2.333333333
3DTopia,A pirate digging for treasure with a rusty shovel,1,1,1,1,2,2,2,3.333333333,3.333333333,2,3,2
3DTopia,A pizza placed beside a fresh salad,2.333333333,1.333333333,1.666666667,1.666666667,3,3,3,4,3,3,2.666666667,2
3DTopia,A plant with rainbow leaves in a clay pot,2.333333333,1.333333333,1.666666667,1.666666667,2.333333333,2.333333333,2.333333333,4,3,2.333333333,3,2
3DTopia,A pot shaped like a lotus leaf with a golden pattern on the surface,2,2,0,2,3,2.333333333,3,3.666666667,3,2,1,1
3DTopia,A pottery bowl with hand-painted flowers,2,2,0,2,3,3,2.666666667,2.666666667,3,2.666666667,5,3
3DTopia,A purple shirt with a square collar and buttoned front,4.333333333,4.333333333,0,4.333333333,3.666666667,2.333333333,2,2.333333333,3,3,3,2.333333333
3DTopia,A pyramidal bottle with glowing liquid,2,2.333333333,0,2,2,2,2,3.333333333,3,2,3,2
3DTopia,A rabbit chewing a shoe,1,0,1,1,1,1,1,1,1,1,2.666666667,2
3DTopia,A rabbit kissing a fox,2,0,1.333333333,2,3,2,3,3.666666667,3,2,4,2
3DTopia,A rabbit pirate casting a spell with a magic wand,1.666666667,0,1.333333333,1.666666667,2,2,3.666666667,3,3,2,2,2
3DTopia,A rabbit wearing a dress,1.666666667,3.666666667,0,2.333333333,3,2,2.333333333,4,3.333333333,2,3,2.333333333
3DTopia,A raccoon detective on a rainbow bridge,1,1,1,1,1,1,1,1,1,1,1,1
3DTopia,A raccoon holding a goblet that shimmers with a rainbow of colors,3,4,2,2,2,2,3,3.666666667,3,2,2,2
3DTopia,A raccoon nibbling on a fallen walnut with paws holding the nut,1,0,1,1,1,1,1,1,1,1,1,1
3DTopia,A raccoon under a cable car with tail curling around the handle,1,0,1,1,1,1,1,1,1,1,1,1
3DTopia,A raccoon wearing a helmet piloting an airplane,1,1,1,1,1,1,1,1,1,1,1.666666667,1
3DTopia,A raccoon wearing a white chef's hat and red apron with floral patterns,1,1,0,1,1,1,1,1,1,1,1,1
3DTopia,A rainbow-colored rabbit with protruding front teeth,1,1,0,1,1,1,1,1,1,1,4,2
3DTopia,A rectangular belt with a flat buckle and evenly spaced holes,1.333333333,3.333333333,0,2,1,1,1,1,1,1,1,1
3DTopia,A rectangular car,1,2,0,1,1,1,1,1,1,1,1,1
3DTopia,A rectangular wooden bookshelf,5,5,0,5,4,4,4,5,4.333333333,4,5,3.666666667
3DTopia,A rectangular wrench with red patterns and hieroglyphic engravings,2.333333333,2.666666667,0,2.666666667,3,3,3.333333333,4.333333333,4,3,4,2.333333333
3DTopia,A red armchair with padded armrests,4.666666667,4.333333333,0,4.333333333,3.333333333,2,4,3.333333333,3,3,4.666666667,3
3DTopia,A red coffee mug on a table,2,4,2,2,3.666666667,3,3,3.666666667,3,3,4,2
3DTopia,A red drum with a wooden and cylindrical body,2.333333333,3.666666667,0,3,3.666666667,3,4,5,4.333333333,3,4,3
3DTopia,A red house shaped like an apple,1,1,0,1,1,1,1,1,1,1,1,1
3DTopia,A red tiger with a wicker tail,2.666666667,4,0,3,3,3,4,4,3.333333333,3,4,3
3DTopia,A robot dog below a glowing spaceship,2,3,2,2,3,3,2.333333333,4,3,2.333333333,4,2
3DTopia,A rocking chair made of amber with cloud-like foam cushions,3,3.666666667,0,3.333333333,3,4,4,4,3.666666667,3.666666667,4.333333333,3.333333333
3DTopia,A rose with petals of frosted crystal and a stem wrapped in green vines,1,1,0,1,1,1,1,1,1,1,1,1
3DTopia,"A round, red apple with a brown stem and green leaves",2.333333333,2,0,2,3,2,2,4,4,2,4,2
3DTopia,"A round chair with a cushioned seat, and carved spirals on the body",4.666666667,3,0,3.333333333,3,3,3.333333333,4,3.333333333,3,4.666666667,3
3DTopia,A round green plate like a water lily,3,3,0,3,3,2,3.666666667,4,3,2.333333333,5,3
3DTopia,A round pizza,1.333333333,3.333333333,0,2,2.666666667,1,3,4,4,2,1,1
3DTopia,A round sunflower,1,1,0,1,1,1,1,1,1,1,1,1
3DTopia,A round teapot of rainbow colors,2,4,0,3,1,1,1,1,1,1,4,3
3DTopia,A ruler and a pencil,3,0,0,3,3,3.333333333,4.666666667,4,4,3.333333333,4,3.333333333
3DTopia,A shark with a crown is holding a trident,1,1,1,1,3,2,3,3.333333333,3,2,1,1
3DTopia,A sheep wearing a dress made of glowing leaves,1,1,0,1,1,1,1,1,1,1,1,1
3DTopia,A sheep wearing a hoodie decorated with colorful flowers and green leaves,2,3.666666667,0,2.333333333,3,2.666666667,3,3.666666667,4.333333333,2.666666667,2.666666667,2.333333333
3DTopia,A shoe next to a sock,1,0,1,1,1,1,1,1,1,1,1,1
3DTopia,A shoe with a body shaped like a fish,1.333333333,2,0,1.333333333,3,2.333333333,3,4.333333333,3.666666667,2.666666667,4,2.333333333
3DTopia,A short and dense fern with leaves shaped like feathers,1.666666667,2,0,2,3,2,2,3.666666667,4,2,3,2
3DTopia,A short brush with gold bristles,1,1,0,1,1,1,1,1,1,1,1,1
3DTopia,"A short mushroom with a thick, rounded cap and a narrow stem",3.333333333,4,0,4,3,2.666666667,3,4.333333333,3.333333333,3,5,3.333333333
3DTopia,A silver circular ring with a gem,3.333333333,3.666666667,0,3.333333333,3,3,4,4,3,3,4,3
3DTopia,"A silver scissors with rubber handles, and a screw joint",1,2.333333333,0,1.333333333,4,3,5,5,5,3.333333333,4,2
3DTopia,A skeleton knight sitting on a throne whose armrests are adorned with intricate carvings,3,2.333333333,2.333333333,2.333333333,3,2.666666667,2.666666667,3.333333333,3,2,3,2.666666667
3DTopia,A skirt made of scales with a hem shaped like a mermaid's tail,2.333333333,3,0,2.666666667,3,3,3,4,3,3,3.666666667,3
3DTopia,A slender palm tree with fan-shaped leaves and curved branches,3.333333333,3,0,3,3,2.333333333,2.666666667,3,4,3,3.333333333,2
3DTopia,"A small, oval-shaped fish with a flat body and triangular fins",4,4,0,4,3,3,3.333333333,4,4,3,5,3.333333333
3DTopia,A small wooden ship inside a porcelain cup,2,1,1,1,2,2,3,3.666666667,3.333333333,2,3.666666667,2
3DTopia,A snail with a shell made of smooth jade,1,1,0,1,1,1,1,1,1,1,1,1
3DTopia,A snake shaped like a long tube,2.333333333,3.666666667,0,3,3,3,3,4,4.666666667,2.333333333,4,2.333333333
3DTopia,A snake with legs,2,1.333333333,0,1.333333333,3,3,2,4,4,2,3.666666667,2
3DTopia,A sneaker with blue stripes on the surface,1,1,0,1,1,1,1,1,1,1,1,1
3DTopia,A sparrow building a nest on the house with branches and leaves,2,3,1,2,2.666666667,2.333333333,2.333333333,2.666666667,3,2,2,2
3DTopia,A spiked dragon,2,1,0,1,2.666666667,2.333333333,2.333333333,4,3.666666667,2,3,1
3DTopia,A spiky green iguana with a long tail and a row of spines along its back,3,4,0,3,3,2,3,4,3.666666667,2.666666667,4.666666667,3.666666667
3DTopia,A spiky lizard with jagged wings and uneven scales on its body,3,2.333333333,0,2.333333333,3,2.333333333,3.333333333,3,4,3,4,2
3DTopia,A spoon in a bowl,1,0,1,1,3,2.333333333,3.666666667,3.666666667,3.333333333,2,4,2
3DTopia,"A spruce tree with sharp, triangular needles and a slightly curved trunk",2.666666667,1.333333333,0,2,3,3,2,3,4,2.333333333,3.333333333,2
3DTopia,A square camera,1.666666667,4,0,2,3,2.666666667,2.666666667,4.666666667,4,2.333333333,4,1.666666667
3DTopia,A square mirror surrounded by blooming flowers,3,4.666666667,0,4,4,4,4.333333333,4.333333333,4,4,4,4
3DTopia,A squirrel eating a donut,3,0,3,3,3,2,2,2,2.333333333,1.666666667,2,1.666666667
3DTopia,A squirrel jumping from a tree with an acorn in its mouth,1,0,1,1,1,1,1,1,1,1,1,1
3DTopia,A squirrel wearing a tuxedo and holding a conductor's baton,1.333333333,1,1,1.333333333,1,1,1,1,1,1,2,1.666666667
3DTopia,A starfish inside a seashell,2.666666667,0,2,2,3,3,3.333333333,4,3,3,4,2
3DTopia,A steak and potatoes,1,0,0,1,1,1,1,1,1,1,1,1
3DTopia,A steaming basket full of dumplings,1,1,0,1,1,1,1,1,1,1,1,1
3DTopia,A stone arched bridge with a hole on the surface,4.666666667,4.666666667,0,4.666666667,3.333333333,4,4.333333333,5,4.666666667,4,4.666666667,3.666666667
3DTopia,A stone castle,4,3,0,3,2.666666667,2,3,4,3,2.333333333,4,2.333333333
3DTopia,A stool below a table,3,0,2,2,4,4,5,5,5,4,5,3
3DTopia,A stool with legs like an elephant's leg and a seat like a mushroom top,4.666666667,2,0,2.666666667,3,3,4,3.666666667,4,3,4,2.333333333
3DTopia,"A striped tiger with orange fur, black stripes, and green eyes",3,3.333333333,0,3,3,2.333333333,3,3,3.333333333,2.333333333,4,2
3DTopia,A sunflower next to a rose,1.333333333,0,1,1.333333333,2,2,2,4,3,2,3,2
3DTopia,"A sunflower with a circular head, slender petals and dense foliage",2,2,0,2,3,2,2.666666667,3,3.666666667,2,3,2
3DTopia,A sunflower with a diamond center,2,1,0,2,3,2.666666667,3,4,3,2.333333333,4,3
3DTopia,A sunflower with metallic petals and a brown clock face in the middle,4.333333333,3,0,3.333333333,3,3,3.333333333,4.333333333,3.666666667,3.333333333,4,3.333333333
3DTopia,A sunflower with yellow petals and a dark brown center,2.333333333,3,0,2.666666667,3,2.666666667,3,4,3,2,3.666666667,2.333333333
3DTopia,A swan inside a crystal,1,0,1,1,1,1,1,1,1,1,1,1
3DTopia,A symmetrical bridge,4.333333333,4,0,4,3.666666667,3.666666667,3,5,4.666666667,3,4.333333333,3.333333333
3DTopia,A symmetrical dragonfly with wings made of light-colored glass,1.666666667,3,0,2,2.666666667,2,3,2.333333333,4,1.666666667,2.333333333,2
3DTopia,A table with a top like a leaf and legs like branches,3,4,0,3,3,3,3,4.666666667,4.333333333,3.333333333,4.333333333,3
3DTopia,A tall brown-furred giraffe,2,4,0,2,3,1.333333333,2.666666667,3.333333333,4,2,3,2
3DTopia,A teddy bear with a red bow,4,4,0,4,2.666666667,2.333333333,2,4,4,2.333333333,4,3
3DTopia,"A television, decorated with gold and inlaid with jewels",2.333333333,3.666666667,0,3,3,3,4,4,4,3,3.333333333,3.333333333
3DTopia,A tiger dressed as a doctor,2,1,0,2,3,2.333333333,3,3.666666667,4,2.333333333,4,2
3DTopia,A tiger driving a car,2.666666667,0,2,2,4,3.666666667,1.666666667,4,3.666666667,2,2,2
3DTopia,A tiger outside a house,2.666666667,0,2,2,3.666666667,3.666666667,1,4,3.333333333,2,3,2
3DTopia,A tiger warrior next to a stone castle,1,1,1,1,1,1,1,1,1,1,1,1
3DTopia,A tiny shark wearing a racing driver's suit and a helmet on its head,2,3,0,2,3,2,3,4,3,2.333333333,3,2
3DTopia,A tortoise with a shell that looks like stained glass,1.333333333,1.666666667,0,1.333333333,1,1,1,1,1,1,1,1
3DTopia,A tower with a pointed top,3.333333333,1,0,3,3,2.666666667,3,4,4,3,4,2.666666667
3DTopia,A tree with silver bark,2,1.333333333,0,1.666666667,3,2.666666667,3.666666667,4.333333333,3.333333333,3,3,1.333333333
3DTopia,A truck hauling a box,3,0,2,2,3.666666667,3,4,5,4,3.666666667,4,2
3DTopia,A vintage rocking chair with curved arms and a woven cane seat,4,2,0,2.333333333,3,3,3,4,4,3,4.666666667,3
3DTopia,A watermelon with golden and silver stripes,2,2.666666667,0,2.333333333,3,2.333333333,3.333333333,4,3,2.333333333,5,2.666666667
3DTopia,A whale inside a bag,3,0,2,2,3,3,3,4,3,3,4,2.666666667
3DTopia,A white ceramic vase with floral motifs,3,3.333333333,0,3,3,2.333333333,3,3.666666667,3,3,4.666666667,2.666666667
3DTopia,A white dog with wings,1,1,0,1,1,1,1,1,1,1,1,1
3DTopia,"A white headphones with soft, padded ear cups and a black headband",2,2,0,2,3,2.666666667,3,2,3.333333333,2,4,1.666666667
3DTopia,A white milk carton with a yellow logo,4.666666667,4.666666667,0,4.666666667,4,4,5,5,4.666666667,4,5,4
3DTopia,A white rabbit nibbling on a carrot,2.333333333,4,2.333333333,2.333333333,3,1.333333333,3,4,3,2,2,2.666666667
3DTopia,A white rabbit with round ears,2.333333333,2,0,2,3,3,2.333333333,2.666666667,3.666666667,2.333333333,3,2
3DTopia,A white scarf with fringed edges,3,2.333333333,0,2.333333333,3,3,2,3,4,3,3,2.666666667
3DTopia,A wide hat,4.666666667,5,0,4.666666667,3,3,3.333333333,4,3.333333333,3.333333333,5,3
3DTopia,A wide-brimmed straw hat with a black ribbon and a woven texture,1,1,0,1,1,1,1,1,1,1,1,1
3DTopia,A willow tree with silvery branches and a slender trunk,3,3,0,3,3,2.666666667,3,4,3,2.666666667,4,2
3DTopia,A wooden apple above a brass plate,1,1,1,1,3,2,3,4,3.333333333,2,1,1
3DTopia,A wooden chair with a cushioned seat placed next to a round table,3,2,2,2,3.666666667,3.333333333,4,5,4.333333333,4,5,3
3DTopia,A wooden desk with square drawers,4,5,0,4,3.333333333,4,3,4,4,3.666666667,5,4
3DTopia,A wooden dining table with cylindrical legs,4.666666667,4.333333333,0,4,4,4,5,4.666666667,4.666666667,4,4.333333333,3.333333333
3DTopia,A wooden guitar with a curved body and metal strings,4.666666667,3,0,4,4,3,4.333333333,5,4.666666667,4,4.666666667,3
3DTopia,A wooden house,4.333333333,4.333333333,0,4.333333333,3,3,3,4,4,3,4.333333333,3.666666667
3DTopia,A wooden violin,5,4.666666667,0,4.666666667,3.666666667,3.666666667,5,5,4.666666667,4,5,4
3DTopia,A yellow banana with brown spots,2,3.666666667,0,3,3,2.333333333,3,5,4,3,3,2
3DTopia,A yellow canary with a pointed beak and a copper crest on its head,3,2.333333333,0,2.666666667,3,2,2.333333333,4,3.333333333,2,3,2
3DTopia,An apple next to a banana,2,0,1.666666667,2,1,1,1,1,1,1,4,2
3DTopia,An earring designed as miniature chandeliers adorned with crystals,3.666666667,4.666666667,0,4,3,3,4,5,4,3,5,3.666666667
3DTopia,An octopus playing the piano,1,0,1,1,1,1,1,1,1,1,1,1
3DTopia,"An office building with a flat roof, and evenly spaced windows",3.666666667,4,0,4,2.333333333,2,4,5,4,2.666666667,4.666666667,3
3DTopia,An olive-shaped metal leaf,3,1.666666667,0,2,2.666666667,2.666666667,4,4.333333333,3,2.666666667,4.333333333,2.666666667
3DTopia,An orange cat with a long tail,2,3,0,2,3,2,3,4,4,2,4,2
3DTopia,An orange square chimney,4,4,0,4,3.666666667,3,3,4.333333333,4,3,4,3.666666667
3DTopia,"An oval-shaped hummingbird with thin legs, and a pointed beak",4,3,0,3.333333333,3,1.666666667,3,4,4,2.333333333,4,3
3DTopia,An owl on a boat,1,0,1,1,1,1,1,1,1,1,1,1
3DTopia,An umbrella with a curved handle,1,1,0,1,3,2.666666667,1.333333333,3,4,2,1,1
3DTopia,Several quadrangle stars on the surface of a coffee cup,2.333333333,3,0,2.333333333,3,3,3,4,3,3,4,3
Consistent3D,A asymmetrical flower,2,3.666666667,0,3,3,2,3,3,2.666666667,2,3,2
Consistent3D,A baby dragon leaning against a wolf knight,2.666666667,0,2,2,2.333333333,2,4,3,2.333333333,2.333333333,2,2.333333333
Consistent3D,A badge shaped like a shield,2.666666667,2.333333333,0,2.333333333,2,1.666666667,3,4,3,2,2,2
Consistent3D,A bag with a body shaped like a giant seashell,2,3,0,2.333333333,2.333333333,2,3,4,2.666666667,2.333333333,3.333333333,2
Consistent3D,A bat with fan-shaped ears and black wings with pink polka dots,2.666666667,2,0,2,3,2.333333333,4,3.666666667,3.333333333,3,2.333333333,2.333333333
Consistent3D,A beagle in a detective's outfit,3,1,0,1.666666667,2.666666667,2,2,4,3,2,4,2
Consistent3D,A bear reading the newspaper,3.333333333,0,3.333333333,3.333333333,2,2,3,2,2.333333333,1.666666667,2,2
Consistent3D,A bee above a flower made of red silk,2.666666667,1,3.333333333,2.333333333,2,2,3.333333333,3,2,2,2,1.666666667
Consistent3D,A bicycle crafted from bones of mythical creatures,2.666666667,2.333333333,0,2.333333333,2,1.666666667,2.666666667,3,1.333333333,1.666666667,3,2
Consistent3D,A bird on a branch,3.666666667,0,4,3.666666667,2,1.666666667,3.666666667,4.333333333,2,1.666666667,4,2.333333333
Consistent3D,A bird pecking at a shiny necklace on a table,1.333333333,1,1.333333333,1.333333333,1.666666667,1,3,2,2,1.333333333,3,1.333333333
Consistent3D,A bird with a pointed beak,4,5,0,4,2,2,4,4.333333333,2,2,5,3
Consistent3D,A bird with rainbow feathers,2,1.666666667,0,2,2,1,2.333333333,4,3,2,1,1
Consistent3D,A black bicycle with a curved handlebar,1.333333333,2,0,1.333333333,2,2,1,1,2,1,1,1
Consistent3D,A black camera,2.666666667,4,0,3,2,1.333333333,4,3,3,2,3,2
Consistent3D,A black cat,3,3.666666667,0,3,3,2,4,2,2.333333333,2,2.666666667,3
Consistent3D,A black cat knocking over a glass with its paw extended,2,3,1.333333333,2,2.666666667,1.333333333,3,2.333333333,3,1.666666667,2,2
Consistent3D,A black cat sitting on a soft cushion,2,1,1,1.666666667,2,1,3,4,3,2,4,2
Consistent3D,A black leather jacket with silver zippers,3.333333333,2,0,2.333333333,2.333333333,2,4,3,3,2,2.666666667,2
Consistent3D,A black motorcycle with rearview mirror,1,1.666666667,0,1,1,1,1,1,1,1,1,1
Consistent3D,A black panther with slender claws and yellow eyes,2,2.333333333,0,2,2,1,2,2.333333333,3.666666667,1,2,1
Consistent3D,A black tall hat with a yellow ribbon,4,3.333333333,0,3.666666667,2.666666667,2,3.333333333,4,3,2,3,2.333333333
Consistent3D,A blue backpack with a red printed pattern and transparent pockets on the side,3.666666667,3,0,3,2,2,3.333333333,3,2,2,2.666666667,1.666666667
Consistent3D,A blue butterfly on a pink flower,1,1,1,1,2,1.666666667,4,2.333333333,2,1.666666667,2,2
Consistent3D,A blue denim jacket draped over a chair,2,2.333333333,1.333333333,2.333333333,2,1.333333333,4,2,2.333333333,1.666666667,2,1.666666667
Consistent3D,A blue ottoman with a padded top,4,4,0,4,3,2,4,4.666666667,3,2.666666667,5,3
Consistent3D,A blue parrot perching on a tree branch,4,4,4,4,2,2,4,4,2.333333333,2,4.333333333,3
Consistent3D,A blue parrot with white feathers and a yellow beak,3,3.666666667,0,3,2.333333333,1.666666667,4,4,3,2,4,2.333333333
Consistent3D,A blue scarf,4,2,0,2.666666667,2,2,4,3.333333333,3,2,4,1
Consistent3D,A bonsai with metal leaves,3.333333333,2,0,3,2,2,2,4,3,2,4,2.333333333
Consistent3D,A bright yellow rubber duck floats in a sudsy bathtub,2.333333333,3,2,2,2,2,3.333333333,3,2.666666667,2,3,2
Consistent3D,A bright yellow school bus with black tires and a stop sign,4,3,0,3.333333333,2.333333333,2,3,3.333333333,3,2,3,2.333333333
Consistent3D,A bronze statue,3,2,0,2,1.333333333,1,2.666666667,4,1.666666667,2,5,3
Consistent3D,A brown bear playing with a ball of yarn,4,4,3,3.333333333,3,2,3,3,3,2.333333333,3,3
Consistent3D,"A brown bear with black eyes and thick, shaggy fur",2.666666667,2,0,2,2,2,2,2,2,1.333333333,2,1.333333333
Consistent3D,A brown dog,2.666666667,3,0,3,3,2,2.666666667,3,2,2,4,2
Consistent3D,A brown fox wearing a hat,4,3,0,3,3,3,3.333333333,3,2.666666667,2.333333333,4,2.666666667
Consistent3D,A brown horse standing near a cow,2,3.666666667,1.666666667,2,2,2,2.666666667,4,3,2,2.333333333,1.666666667
Consistent3D,A brown sweater with a snowflake pattern,3,4,0,3,2.666666667,2,2.666666667,3,2,2,2,2
Consistent3D,"A bulky elephant with a cylindrical trunk and thick, pillar-like legs",3.333333333,3,0,3,2,1.666666667,4,2,3,2,2,2
Consistent3D,A bush with green leaves covered with golden gemstones,2,4,0,2.666666667,3,2,3,4,2,2,3,3
Consistent3D,A butterfly landing on a wide-brimmed hat placed on a chair,2,3.333333333,1.333333333,1.666666667,2.666666667,2,3.333333333,4,3,2.333333333,3.333333333,1.666666667
Consistent3D,A butterfly on a flower,3.333333333,0,4,3.333333333,2,1.333333333,3,3.333333333,2,2,2.666666667,2.333333333
Consistent3D,A butterfly with blue and white pattern inside an iron oven,2,2,2,2,2.666666667,2.333333333,3,3,3,2,3,2
Consistent3D,A butterfly with vibrant wings resting on a blooming sunflower,2.666666667,2.333333333,3,3,2,1.666666667,3,2,3,1.666666667,2,2
Consistent3D,A butterfly with wings made of stained glass,3,2.333333333,0,2.333333333,2.333333333,2,3,3,3,2,3,2
Consistent3D,A cactus with a spiral pattern on its surface and covered with glittering golden spines,1.666666667,1.666666667,0,1.666666667,1,1,1,1,1,1,1,1
Consistent3D,A cactus with arms of different lengths shaped like a candelabra,3.666666667,4,0,4,3,2.666666667,3.666666667,4,2,3,4,3
Consistent3D,A cactus with red flowers,1.333333333,1,0,1,2,1.666666667,3,3.666666667,2.666666667,2,1,1
Consistent3D,A cake on a ceramic plate,3,3,4,3,2,2,3,4,3,2,4,3
Consistent3D,A car parked next to a red bicycle,2,0,1.333333333,1.333333333,2,2,4,3.666666667,3,2,3,2
Consistent3D,A car shaped like sushi,2.333333333,2.666666667,0,2.666666667,2,2,3,4,2.333333333,2.333333333,4,2
Consistent3D,A car with square wheels,3.333333333,2,0,3,2,2,4,4,3,2.333333333,4,3
Consistent3D,A castle with a rainbow-colored exterior and hieroglyphs written all over it,2.333333333,1,0,1.666666667,2,1,2,1,2,1,3.333333333,1.666666667
Consistent3D,"A cat, one eye missing",3,1,0,1.333333333,2,1,2.333333333,2,2,1.333333333,4,2
Consistent3D,A cat below a chair,2,0,1,1.666666667,2,2,3,3,3,2,2,2
Consistent3D,A cat curling up on a bicycle with tail batting at the seat,2.666666667,0,3,2.666666667,2,2,2.333333333,3.666666667,2.333333333,2,3,2.333333333
Consistent3D,A cat pawing at a toy,2,0,2,2,2,2,3,2,2.666666667,2,2,2
Consistent3D,A cat with two different colored eyes,3,4,0,3,2,1.666666667,2,3,2,2,2,2
Consistent3D,A cat with wings,3.666666667,1,0,2.666666667,2,2,3,4,2.666666667,2,2.666666667,2
Consistent3D,A cat wizard wearing a magic hat,2,2.333333333,0,2,2,1,3,3,2.333333333,1.333333333,2,1.666666667
Consistent3D,A chair with a seat shaped like a giant leaf,3.333333333,2,0,3,3,2,3.666666667,3.666666667,2,2,4,2
Consistent3D,A chair with legs made of vines and a gradient seat that changes from purple to red,2.333333333,2,0,2,2,1,3,2.666666667,1,1,4,2
Consistent3D,A cherry blossom tree with pink petals and gray branches,2.666666667,2.666666667,0,2.666666667,2,2,2,3.333333333,2,2,4,2.333333333
Consistent3D,A chimpanzee carrying a backpack,4,0,4,4,2,2,3.666666667,3.666666667,2,2,4,2.333333333
Consistent3D,A church with a tall steeple located near a modern house with large windows,2,3,1,2,2,1.333333333,2.666666667,3.333333333,3,1.666666667,3,2
Consistent3D,A circular white clock,1,1,0,1,1,1,1,1,1,1,1,1
Consistent3D,"A clay vase with a round base, and a floral pattern",3,3.333333333,0,3,2,2,4,4,3,2,4,2.333333333
Consistent3D,A collection of fresh vegetables arranged in a wicker basket,3,2.333333333,4,2.333333333,2,1,3.333333333,2.333333333,3,1.333333333,4,3.333333333
Consistent3D,A colored mushroom growing on a log,2,2.666666667,1.666666667,2,2,1.666666667,3.666666667,2,2.333333333,1.666666667,1,1
Consistent3D,A colorful dragonfly on a desk with wings opening,2.666666667,3.666666667,1,2,1.333333333,1,3,2,1.333333333,1.333333333,3,1.666666667
Consistent3D,"A colorful fruit salad with sliced strawberries, and blueberries",2,4,0,2.333333333,3,1.666666667,2,3,3,2,2.666666667,2.333333333
Consistent3D,A colorful ladybug in a glass bottle,3.333333333,3,3,3,2,2,3,4,2.666666667,2,3.5,2.666666667
Consistent3D,A conical castle tower with a pointed roof and arched windows,3.333333333,3.666666667,0,3.333333333,2.666666667,3,3,4,3,3,4,2.666666667
Consistent3D,A conical tower,1.333333333,3,0,2,2.666666667,2.333333333,2.666666667,4,3,1.666666667,4,2
Consistent3D,A corgi dog lying on a sofa with head resting on a cushion,2,0,2,2,2,1.333333333,3,3,3,1.666666667,2.333333333,2
Consistent3D,A crocodile below a table,1,0,1,1,1,1,1,1,1,1,1,1
Consistent3D,A crystal key hanging on a metal hook,3.666666667,2.333333333,4,3,2.333333333,2,4,4,3,3,4.333333333,3
Consistent3D,A cup full of colorful pens and pencils,1.666666667,2,0,2,2,1.333333333,3,3,2,1.666666667,3.333333333,1.666666667
Consistent3D,A curved brush,1,1,0,1,1,1,1,1,1,1,1,1
Consistent3D,A cylindrical chair,2,3,0,2,2,1,2,4,2,2,3.333333333,2
Consistent3D,A deer standing near the ruins of a stone castle with ears perking up,2.333333333,2.333333333,2.333333333,2.333333333,2,2,3.333333333,1.333333333,2.333333333,2,2.333333333,2
Consistent3D,A deer with antlers of various sizes in the shape of branches,3.333333333,2,0,2.666666667,2,1,1.666666667,3.333333333,2.333333333,1.333333333,3,2
Consistent3D,A delicate porcelain teacup painted with flowers rests on a saucer,3,2,3.333333333,2.666666667,2,1.666666667,3,3,2,2,3,3
Consistent3D,A delicious sandwich next to a pile of crispy,2,0,2,2,2,2,3,4,3,2,3,2.333333333
Consistent3D,A dog barking at a cat,2.666666667,0,2,2,2.333333333,2,3,4,3,2.666666667,3.666666667,3
Consistent3D,A dog eating a piece of bread on the table with tail raising,2,1,2.333333333,1.666666667,2,1.666666667,2,2,2,1.666666667,3,3
Consistent3D,A dog sitting next to a white cat,1,1,1,1,1,1,1,1,1,1,1,1
Consistent3D,A dog wearing extremely cool sneakers,4,1,0,2,2,2,4,4,3,2,4,2
Consistent3D,A dog with a beard and ears shaped like butterfly wings,2.666666667,2.666666667,0,2.666666667,2.333333333,1.333333333,4,3,1.666666667,2,2,2
Consistent3D,A dragon curled up on a floating sofa with tail wrapped around a cushion,3,0,3,3,2.333333333,1.333333333,2.666666667,3.666666667,2,2,3,2.333333333
Consistent3D,A dragon holding a staff wrapped in glowing vines with a crown on his head,2.666666667,2.666666667,2,2,2,2,4,3.333333333,2,2,3,3
Consistent3D,A dragon with metallic scales,4,3,0,3,2.666666667,3,4,3,2,2.666666667,3,2.333333333
Consistent3D,A dragonfly in a water tank,1,0,1.333333333,1,1.333333333,1,2.333333333,2.666666667,2,1.333333333,1,1
Consistent3D,A drone with balanced propellers,3,3.333333333,0,3,2,1.333333333,4,4,1,2,4,2
Consistent3D,A duck chasing a toy boat,2.333333333,1,2,2,2,2,4,2,2,2,2,2
Consistent3D,A fat owl wearing a black gown,1,1,0,1,1,1,1,1,1,1,1,1
Consistent3D,A fat penguin,3.666666667,3.666666667,0,3.666666667,2,1.666666667,2.666666667,4,3,2,4,2
Consistent3D,A fat wolf with pink fur,2,3.333333333,0,2,3,2.666666667,2.666666667,2.333333333,3,2,2,2.666666667
Consistent3D,A fish with deep black scales speckled with stars,2,2,0,2,2.666666667,2,3,2.333333333,3,1.666666667,2.333333333,1.666666667
Consistent3D,A fish-shaped shoe,3,1.333333333,0,2,2,2,3,3,3.666666667,2,3,2
Consistent3D,A floral dress hanging on a coat rack,3,4,2,2,3,3,4,3.333333333,3,3.333333333,3,2
Consistent3D,A flower on a table,2,0,1.666666667,1.666666667,2.666666667,2,3,4,2.333333333,2,2,2
Consistent3D,A flower that blooms petals shaped like butterflies,3,2,0,2,2,2,3,3,2,2,4,2.333333333
Consistent3D,A flower with petals made of soft pink silk,3.333333333,3,0,3,2,2,4,4,2,2,4,2
Consistent3D,A flower with round copper petals,2.333333333,2.333333333,0,2,3,2.333333333,3,4,2.333333333,2.333333333,3,2
Consistent3D,A flower with star-shaped petals,3,1.333333333,0,2,2.333333333,2,4,3,2.666666667,2.333333333,2,2
Consistent3D,A fluffy cat lying on its back on a couch,1,1,1,1,1,1,1,1,1,1,1,1
Consistent3D,A footballer kicking a ball,3,0,4,3,2,2,3.333333333,4,3,2,3,2.333333333
Consistent3D,A fox holding a basketball,3,0,2,2,2,2,3,3.666666667,2.666666667,2,2,2
Consistent3D,A fox lying on a couch and watching television with a coffee cup in his hand,2.333333333,1,2,2,2.666666667,2,2.333333333,4,3,2,2.333333333,1.666666667
Consistent3D,A fox on a maple leaf with tail draped over the edges,2.666666667,0,2,2,3,2.666666667,4,2.666666667,3,3,2.666666667,2.666666667
Consistent3D,A fox taking a photograph using a DSLR,3,0,3,3,2,2,4,2.666666667,2.333333333,2,2,1.666666667
Consistent3D,A fox wearing a tailored suit and a tie,3,3,0,3,2.666666667,2,3,3,2.666666667,2,3,2.333333333
Consistent3D,"A fox with a bushy, crescent-shaped tail and pointed ears",3.666666667,3,0,3.666666667,3,2,2,3,3,2.333333333,4,2.666666667
Consistent3D,"A fox with nine tails, each of which is made of metal",3.666666667,2,0,2,2,1.666666667,4.333333333,3.333333333,2,2,2,2.666666667
Consistent3D,A frog inside a refrigerator full of fruits and vegetables,3,3.333333333,2,2.666666667,3,2,3,2.333333333,2,2,2,2.666666667
Consistent3D,A frog on a lily pad,2.333333333,0,2.666666667,2.333333333,2.666666667,2,3,1.666666667,3,1.666666667,2,2
Consistent3D,A frog with a mechanical heart,4,3,0,3,2.333333333,1.666666667,4,3,2.333333333,2,2,2
Consistent3D,A fruit basket filled with apples and oranges on a table,2,3,1.333333333,2,2,2,4,4,3,2,3,2
Consistent3D,A fruit basket holding apples,3,0,3.333333333,3,2,2,4,3,3,2,3,3
Consistent3D,A fruit basket on a table,2,0,1.666666667,2,2,2,4,3.666666667,3,2,3,2
Consistent3D,A gaming console with a gray plastic shell and red buttons,2,3,0,2.666666667,2,2,3,4,3,2.333333333,4,2
Consistent3D,A giant ant standing on a blue crystal ball,2,3,3,2.666666667,2,1,3,2.333333333,2,1.333333333,2,2
Consistent3D,A goat drinking beer,3,0,2.333333333,2,2,1.666666667,2.333333333,4,2,1.666666667,2,2
Consistent3D,A gold necklace lying on a wooden table next to a pair of earrings,1,1,1,1,1,1,1,1,1,1,1,1
Consistent3D,A gold necklace with a circular pendant,1.333333333,1.666666667,0,1.333333333,1,1,1,1,1,1,2,2
Consistent3D,A golden croissant with a flaky layer of butter and a smooth finish,3,3,0,3,3,2.333333333,3,3.666666667,3,2.333333333,3,2.333333333
Consistent3D,A golden motorcycle,3.333333333,3,0,3,2.333333333,2,3.666666667,3,3.333333333,2,3,3
Consistent3D,A golden ring with a miniature castle built atop the band,1,1,0,1,2,2,4,2,2.333333333,2,1,1
Consistent3D,A goldfish on a guitar,1.666666667,0,1.666666667,1.666666667,2,2,3,3,2.666666667,2,2,2.333333333
Consistent3D,A gray car shaped like a toast,4,3,0,3,2,2,3.333333333,4,3,2,4,2.333333333
Consistent3D,A gray cotton t-shirt with a printed logo,2.666666667,4,0,3,2.333333333,2,2.333333333,3.333333333,3,2,3.666666667,2
Consistent3D,A gray dog licking an ice cream cone,3.333333333,3.333333333,2,3,2,2,2,3,3,2,3,2
Consistent3D,A gray elephant with a long trunk,4,3,0,3,2,2,4,3,2.666666667,2,2,2
Consistent3D,A gray horse with a long mane and wrinkled skin,3,1,0,2,2.666666667,2,2.333333333,4,2.666666667,2,3,2
Consistent3D,A gray knife shaped like a leaf,2,3.333333333,0,2,2.333333333,2,3.666666667,3.333333333,3,2.666666667,1.666666667,1.666666667
Consistent3D,A gray skyscraper with rectangular windows,1,1,0,1,2,1,2,4,3,2,3,2
Consistent3D,A gray submarine resembling a giant fish,1,1,0,1,1,1,1,1,1,1,1,1
Consistent3D,A gray wrench,2,2.666666667,0,2.333333333,3,2.333333333,3.666666667,4.333333333,3.333333333,3,3.333333333,2.333333333
Consistent3D,A green bowl with a wide rim and a ceramic texture,4,2,0,2.333333333,2,1,3,4,1.666666667,1.333333333,4,2
Consistent3D,A green cactus in a clay pot,3,1.333333333,2,2,2,1.666666667,3.333333333,4,3,2,3,2.333333333
Consistent3D,A green cactus with sharp spines,2.333333333,3,0,2.666666667,3,2.666666667,4,4,3,2.666666667,4,2
Consistent3D,A green flute with a cylindrical shape and finger holes,2.666666667,3,0,3,2,1.333333333,3.666666667,4,2.333333333,1.666666667,5,2.333333333
Consistent3D,A phoenix with a long beak and wings shaped like a flame fan,2.333333333,2,0,2,2.333333333,2,4,3,2,2,2,2
Consistent3D,A phoenix with golden feathers,2,3.333333333,0,2,2.333333333,1.666666667,3,4,2.333333333,2,3,2
Consistent3D,A piano with keys that sparkle like crushed diamonds,2.666666667,1,0,2,2,1.666666667,2,4,3,2,3.666666667,2
Consistent3D,A pig playing a drum set,4,0,2,3,2,1.666666667,3,2,2.666666667,1.666666667,2,2
Consistent3D,A pigeon reading a book,3.666666667,0,3.666666667,3.666666667,2,2,3,4,3,2,3,3
Consistent3D,A pile of burning firewood in a refrigerator with the door open,2.666666667,3,2,2,2.333333333,2,3.333333333,3,3,2,2.666666667,2
Consistent3D,"A pine tree with a tall, conical form",4,4,0,4,3,3.333333333,3.333333333,4,3,3,5,3
Consistent3D,A pink boat,1,1.333333333,0,1,1.333333333,1,2.666666667,1,2,1,1,1
Consistent3D,A pink cherry blossom with a slender branch,3,2.666666667,0,2.666666667,2,1.333333333,2,2.333333333,2,1.333333333,3,1.666666667
Consistent3D,A pink desk lamp shaped like a trumpet flower,3.666666667,4,0,4,2,2,4,2.333333333,2,2.333333333,3,2.333333333
Consistent3D,A pink pig with a curly tail,3,4,0,3,2,1.333333333,2.666666667,2.333333333,2.666666667,2,1.333333333,2
Consistent3D,A pink rose with a ruby in the center,4,2.666666667,0,3,2,2.666666667,3,4,2.666666667,2,3,3
Consistent3D,A pink shark,3,2,0,2.333333333,2,1,3,3.333333333,2,1,2,2
Consistent3D,A pink smartwatch with a square face and a silicone band,1,1,0,1,1,1,1,1,1,1,1,1
Consistent3D,A pink vase filled with white lilies,4,4,0,4,3,3,3.333333333,4,3,3,4,3.666666667
Consistent3D,A pirate digging for treasure with a rusty shovel,4,3,3,3,2,2,4,3.666666667,3,2,3,3
Consistent3D,A pizza placed beside a fresh salad,1.333333333,1,1.333333333,1.333333333,2,2,4,3.666666667,3,2,3,2
Consistent3D,A plant with rainbow leaves in a clay pot,4,3,4,3.333333333,2.666666667,2,4,2.666666667,3,2.333333333,4,3
Consistent3D,A pot shaped like a lotus leaf with a golden pattern on the surface,4,3.666666667,0,4,2.333333333,2.333333333,3,3.666666667,3,2.333333333,4,3.666666667
Consistent3D,A pottery bowl with hand-painted flowers,2.333333333,2.333333333,0,2.333333333,2,1.333333333,1.666666667,2.333333333,2,2,3,1.333333333
Consistent3D,A purple shirt with a square collar and buttoned front,2,1,0,1.333333333,1,1,1,1,1,1,1.666666667,1.333333333
Consistent3D,A pyramidal bottle with glowing liquid,2.333333333,4,0,3.333333333,3,2,4,2,2,2,3,3
Consistent3D,A rabbit chewing a shoe,5,0,5,5,2,2,2.333333333,4,2.333333333,2,3,3
Consistent3D,A rabbit kissing a fox,3,0,2.666666667,2.666666667,2.666666667,2,3,2,2.666666667,2,2.666666667,3
Consistent3D,A rabbit pirate casting a spell with a magic wand,3.333333333,0,4,3.333333333,3,3,3.666666667,3,2,3,3,3
Consistent3D,A rabbit wearing a dress,4,3,0,3.666666667,3,2.333333333,3,4,2.333333333,2,4,2.333333333
Consistent3D,A raccoon detective on a rainbow bridge,3,3,3,3,2,1,2.333333333,1.666666667,2,1,2,2
Consistent3D,A raccoon holding a goblet that shimmers with a rainbow of colors,2.333333333,2,1.333333333,2,2.333333333,2,4,4,2,2,4,2
Consistent3D,A raccoon nibbling on a fallen walnut with paws holding the nut,2.333333333,0,3.333333333,2.666666667,2,1,3,2,2.333333333,1,2,2
Consistent3D,A raccoon under a cable car with tail curling around the handle,1.666666667,0,1,1,3,2,2.666666667,2,3,2,2,2
Consistent3D,A raccoon wearing a helmet piloting an airplane,1.666666667,1,1,1.333333333,2,1.333333333,2,3,2.333333333,1.666666667,2,2
Consistent3D,A raccoon wearing a white chef's hat and red apron with floral patterns,2,3,0,2,3,3,3.333333333,3,3,3,2,2
Consistent3D,A rainbow-colored rabbit with protruding front teeth,3,3,0,3,2,1,3,3,2,1.333333333,2,2
Consistent3D,A rectangular belt with a flat buckle and evenly spaced holes,4,4,0,4,2,1.666666667,4,3.333333333,3.666666667,2,3,2
Consistent3D,A rectangular car,4,4,0,4,2,2,4.333333333,4,4,2.666666667,4.333333333,3.666666667
Consistent3D,A rectangular wooden bookshelf,2.333333333,3,0,2.333333333,2,2,4,3.666666667,3,2.666666667,2,2
Consistent3D,A rectangular wrench with red patterns and hieroglyphic engravings,2,3,0,2,3,3,4,5,3,3,4,3
Consistent3D,A red armchair with padded armrests,1.333333333,2,0,1,1,1,3,2,2,1.333333333,1,1
Consistent3D,A red coffee mug on a table,2.666666667,4,2,3,2.666666667,2.666666667,4,3,3,3,3,2.333333333
Consistent3D,A red drum with a wooden and cylindrical body,4,3.333333333,0,3,2.333333333,2,4,4,3,2.333333333,4,2.666666667
Consistent3D,A red house shaped like an apple,1,1,0,1,1,1,1,1,1,1,1,1
Consistent3D,A red tiger with a wicker tail,4,3,0,3.333333333,2.666666667,2,3,4,3,2,4,3
Consistent3D,A robot dog below a glowing spaceship,1.666666667,1,1,1,1,1,1,1,1,1,4,2
Consistent3D,A rocking chair made of amber with cloud-like foam cushions,3.333333333,1.666666667,0,2,2,1.666666667,3,3,1.333333333,2,4,2
Consistent3D,A rose with petals of frosted crystal and a stem wrapped in green vines,2,1.333333333,0,1.333333333,2,2,2.666666667,3.666666667,2,2,4,2
Consistent3D,"A round, red apple with a brown stem and green leaves",3.666666667,3,0,3.333333333,2,2,3.333333333,3.333333333,3,2,3.666666667,2
Consistent3D,"A round chair with a cushioned seat, and carved spirals on the body",3,2,0,2.333333333,2.666666667,2,2,4,3,2,4,2.333333333
Consistent3D,A round green plate like a water lily,1.333333333,3,0,2,2,2,2,3,2,2,4,2
Consistent3D,A round pizza,2,4,0,2,2,1,4,2.666666667,3,1.666666667,1.666666667,1
Consistent3D,A round sunflower,2,1.333333333,0,2,3,2,3.333333333,4,2,2,3,1.666666667
Consistent3D,A round teapot of rainbow colors,4,4,0,4,2,2,3,3,2,2.333333333,3,3.666666667
Consistent3D,A ruler and a pencil,3,0,0,3,2,2,4,4.333333333,3,2,4,2.5
Consistent3D,A shark with a crown is holding a trident,1,1,1,1,1,1,1,1,1,1,1,1
Consistent3D,A sheep wearing a dress made of glowing leaves,1.333333333,2,0,2,2.333333333,1.333333333,3,3.333333333,2,1.666666667,2,1
Consistent3D,A sheep wearing a hoodie decorated with colorful flowers and green leaves,2,1.333333333,0,2,2.666666667,2,3,3.666666667,3,2.333333333,3,2
Consistent3D,A shoe next to a sock,2.333333333,0,2,2,2,2,4,4,3.333333333,2.333333333,4,2.333333333
Consistent3D,A shoe with a body shaped like a fish,1,1,0,1,1,1,1,1,1,1,1,1
Consistent3D,A short and dense fern with leaves shaped like feathers,3.333333333,3.333333333,0,3.333333333,2.333333333,2.333333333,3.666666667,4,3.333333333,3,4,2.666666667
Consistent3D,A short brush with gold bristles,3,3,0,3,2,2,4,3,3,2,3.666666667,2
Consistent3D,"A short mushroom with a thick, rounded cap and a narrow stem",3,3.333333333,0,2.666666667,2,2,3,5,3,2,4.666666667,2.666666667
Consistent3D,A silver circular ring with a gem,1,1,0,1,1,1,1,1,1,1,1,1
Consistent3D,"A silver scissors with rubber handles, and a screw joint",2,2.666666667,0,2.333333333,3,2,2.666666667,4,3,2,4.333333333,2
Consistent3D,A skeleton knight sitting on a throne whose armrests are adorned with intricate carvings,3.666666667,2,4,3,2.666666667,2.333333333,4,3,3,2.333333333,2,2.666666667
Consistent3D,A skirt made of scales with a hem shaped like a mermaid's tail,4,2.333333333,0,3,2.666666667,2,4,3,2.666666667,2.333333333,4,2.666666667
Consistent3D,A slender palm tree with fan-shaped leaves and curved branches,4,3.333333333,0,3.333333333,3.333333333,3.666666667,3,4.666666667,3,3,3.666666667,2.666666667
Consistent3D,"A small, oval-shaped fish with a flat body and triangular fins",3,3,0,3,2,1,3,4.666666667,3,1.666666667,4,2
Consistent3D,A small wooden ship inside a porcelain cup,3,3,3,3,2.333333333,2,3,4,2.333333333,2,2,2
Consistent3D,A snail with a shell made of smooth jade,2,1.333333333,0,2,2,1.666666667,2,2,2.333333333,2,3,2
Consistent3D,A snake shaped like a long tube,2.333333333,2,0,2,2,1.666666667,2,3.666666667,2,2,3.333333333,2
Consistent3D,A snake with legs,4,2,0,2.666666667,1.333333333,1,3.666666667,4,3,1.666666667,4,2
Consistent3D,A sneaker with blue stripes on the surface,4,4,0,4,2,2,3,3.333333333,3,2,3,2
Consistent3D,A sparrow building a nest on the house with branches and leaves,2.666666667,4,3,2.666666667,2,1.333333333,3.333333333,2,2,2,2,2
Consistent3D,A spiked dragon,3,4,0,3,3,2,4,3.666666667,2,2,3,2
Consistent3D,A spiky green iguana with a long tail and a row of spines along its back,3.666666667,3.333333333,0,3.333333333,2.333333333,2,4,2,3,2,2.666666667,2
Consistent3D,A spiky lizard with jagged wings and uneven scales on its body,3,2,0,2,2.333333333,1.333333333,3,3.666666667,2,2,2.333333333,2
Consistent3D,A spoon in a bowl,1.666666667,0,2,1.666666667,3,2.333333333,4,3.333333333,3,2.333333333,4,2
Consistent3D,"A spruce tree with sharp, triangular needles and a slightly curved trunk",4.666666667,2,0,2.333333333,3.333333333,3,4,4,3,3,5,3
Consistent3D,A square camera,1,1,0,1,1,1,1,1,1,1,2,1.666666667
Consistent3D,A square mirror surrounded by blooming flowers,1,1,0,1,1,1,1,1,1,1,1,1
Consistent3D,A squirrel eating a donut,4,0,4.666666667,4,2.666666667,2,3,4,3,3,4,3.666666667
Consistent3D,A squirrel jumping from a tree with an acorn in its mouth,1,1,1,1,1,1,1,1,1,1,1,1
Consistent3D,A squirrel wearing a tuxedo and holding a conductor's baton,3,3,2,3,2.666666667,2.666666667,3,3,2.666666667,2.333333333,3,2.666666667
Consistent3D,A starfish inside a seashell,2.333333333,0,2,2,2.333333333,2.333333333,3.333333333,4,3,2.333333333,3,2
Consistent3D,A steak and potatoes,3,0,0,3,2,2,3,2.666666667,2.333333333,1.666666667,3,2
Consistent3D,A steaming basket full of dumplings,3.333333333,3,0,2.666666667,1.333333333,1,4,3.666666667,3,1,4,2.333333333
Consistent3D,A stone arched bridge with a hole on the surface,1,1,0,1,1,1,1,1,1,1,1,1
Consistent3D,A stone castle,3,2,0,2.333333333,2.666666667,2,4,2,3,2,4,1.666666667
Consistent3D,A stool below a table,3,0,2,2,2.666666667,2.666666667,4.666666667,5,2.333333333,2.666666667,4,2.333333333
Consistent3D,A stool with legs like an elephant's leg and a seat like a mushroom top,3,3.333333333,0,3,2.666666667,2,4,3,1.666666667,2,3,2
Consistent3D,"A striped tiger with orange fur, black stripes, and green eyes",3.666666667,2.666666667,0,2.333333333,2.333333333,1.666666667,4,3.333333333,3,2,2,2
Consistent3D,A sunflower next to a rose,2.666666667,0,2,2,2,2,3.666666667,3,3,2,3,2.5
Consistent3D,"A sunflower with a circular head, slender petals and dense foliage",3,2,0,2,2.333333333,2,4,2.333333333,3,2,2,2
Consistent3D,A sunflower with a diamond center,1,1,0,1,3,1.666666667,2,3.333333333,3,1.333333333,1,1
Consistent3D,A sunflower with metallic petals and a brown clock face in the middle,3,2,0,2,2.666666667,2,3.333333333,3,2,2,4,2.333333333
Consistent3D,A sunflower with yellow petals and a dark brown center,3,3.333333333,0,3,2.666666667,2,3,4,2.666666667,2,3.333333333,2
Consistent3D,A swan inside a crystal,3,0,2,2,2,2,4,2.666666667,2,2,2.666666667,2
Consistent3D,A symmetrical bridge,2,2,0,2,2.333333333,2,4,2,3.333333333,2,2,2
Consistent3D,A symmetrical dragonfly with wings made of light-colored glass,3.333333333,3,0,3,2,1,4,2,2,1.333333333,2,2
Consistent3D,A table with a top like a leaf and legs like branches,1,1.333333333,0,1,1,1,1,1,1,1,1,1
Consistent3D,A tall brown-furred giraffe,4,4,0,4,3,3,2.333333333,3.666666667,3,3,3,2
Consistent3D,A teddy bear with a red bow,4,4,0,4,2.666666667,2,3,3,3,2,2.333333333,2.333333333
Consistent3D,"A television, decorated with gold and inlaid with jewels",1,1,0,1,2,1,3.666666667,4,3,2,1,1
Consistent3D,A tiger dressed as a doctor,3,3.666666667,0,3.333333333,3,2.666666667,4,4,3,2,4,2.333333333
Consistent3D,A tiger driving a car,2.333333333,0,1,1.333333333,3,2,2,1.666666667,3,1.666666667,1,1
Consistent3D,A tiger outside a house,2.666666667,0,2,2,3,2,4,3,3,2.333333333,3,3
Consistent3D,A tiger warrior next to a stone castle,3,1,2,2,3,2.333333333,4,2,2.333333333,2.333333333,3,3
Consistent3D,A tiny shark wearing a racing driver's suit and a helmet on its head,3,3,0,3,2.666666667,2,3.333333333,3.333333333,3,2.333333333,2,2.333333333
Consistent3D,A tortoise with a shell that looks like stained glass,1.333333333,2,0,1.666666667,2,2,2,4,2,1.666666667,4,2
Consistent3D,A tower with a pointed top,4,4.333333333,0,4,3,2.666666667,4,3,3,2.666666667,4.666666667,3
Consistent3D,A tree with silver bark,2.333333333,3,0,3,2,2,1,4,3,1.333333333,4,2
Consistent3D,A truck hauling a box,2.333333333,0,2.333333333,2.333333333,2,2,3,3,3,2,2,2
Consistent3D,A vintage rocking chair with curved arms and a woven cane seat,3.333333333,1,0,2.333333333,2,1,4,4,1,2,4,1.666666667
Consistent3D,A watermelon with golden and silver stripes,2.333333333,2.666666667,0,2.333333333,2,2,3.333333333,4.333333333,3,2,4,2
Consistent3D,A whale inside a bag,2.333333333,0,2.333333333,2.333333333,2.666666667,1.666666667,3.666666667,2,3,2,2,2
Consistent3D,A white ceramic vase with floral motifs,4,4,0,4,2,1.666666667,2,4,1.333333333,2,4,2
Consistent3D,A white dog with wings,2.333333333,3,0,2.333333333,2,2,4,3,2.333333333,2,2,2
Consistent3D,"A white headphones with soft, padded ear cups and a black headband",1.666666667,1,0,1,1,1,1,1,1,1,3.666666667,1.666666667
Consistent3D,A white milk carton with a yellow logo,3,2,0,2.333333333,3,2,3,4.333333333,3,2.666666667,3.666666667,2
Consistent3D,A white rabbit nibbling on a carrot,3.666666667,4,4,3.666666667,2,1.666666667,3,3,2,2,2,2.666666667
Consistent3D,A white rabbit with round ears,4,2.666666667,0,3.5,2.666666667,2,3,3.333333333,2,2.666666667,4,2
Consistent3D,A white scarf with fringed edges,2,2,0,1.666666667,2,1.333333333,3.333333333,2,2.666666667,2,3,1.333333333
Consistent3D,A wide hat,3.333333333,3.666666667,0,3.333333333,2.333333333,2.333333333,4,3.333333333,2.333333333,3,4.666666667,3
Consistent3D,A wide-brimmed straw hat with a black ribbon and a woven texture,4,4,0,4,2.333333333,2,3,4,3,2,4,2
Consistent3D,A willow tree with silvery branches and a slender trunk,1.666666667,2.333333333,0,2,2,2,2.333333333,4,2,2,3.5,1.666666667
Consistent3D,A wooden apple above a brass plate,1.666666667,1,1,1,1.333333333,1,4,4,2,1,3.333333333,1.333333333
Consistent3D,A wooden chair with a cushioned seat placed next to a round table,2.333333333,2,2,2,2,1.333333333,5,5,2,2.333333333,4,2
Consistent3D,A wooden desk with square drawers,4,5,0,4,2.666666667,1.666666667,4,3.666666667,3,2.333333333,3,2
Consistent3D,A wooden dining table with cylindrical legs,3,2.333333333,0,2.333333333,3,2.666666667,2.666666667,5,3,2.666666667,5,3
Consistent3D,A wooden guitar with a curved body and metal strings,2,2,0,2,2,1,3.666666667,3,3,2,2,2
Consistent3D,A wooden house,2.333333333,2,0,2,2,1.333333333,4,2.333333333,3,1.666666667,2,2
Consistent3D,A wooden violin,3,1.333333333,0,2,2,2,3,4,3,2,1,1
Consistent3D,A yellow banana with brown spots,4,4,0,4,3,2.333333333,3.333333333,4.333333333,3,3,4,3
Consistent3D,A yellow canary with a pointed beak and a copper crest on its head,4,3,0,3,3,2,3,3.333333333,3,2,3,2
Consistent3D,An apple next to a banana,2.666666667,0,1.666666667,1.666666667,2.666666667,2,4,3,3,2.333333333,3,2
Consistent3D,An earring designed as miniature chandeliers adorned with crystals,3.666666667,4,0,4,2.333333333,2,2.666666667,4,2.333333333,2,4,2
Consistent3D,An octopus playing the piano,2.666666667,0,2,2,2,2,4.333333333,4,2.666666667,2.333333333,2,2
Consistent3D,"An office building with a flat roof, and evenly spaced windows",3.666666667,3,0,3,2.333333333,2,3,3.666666667,2,2,4,1.666666667
Consistent3D,An olive-shaped metal leaf,2.333333333,3,0,3,2.333333333,2,4,4,2,2.333333333,3,3
Consistent3D,An orange cat with a long tail,3,4,0,4,2.333333333,2,4,3,2.333333333,2,2.333333333,2.333333333
Consistent3D,An orange square chimney,3,3.333333333,0,3,2,2,3.333333333,4,3,2.666666667,4.333333333,2
Consistent3D,"An oval-shaped hummingbird with thin legs, and a pointed beak",3,3,0,3,2,1.333333333,2.666666667,3,3,2,4,1.333333333
Consistent3D,An owl on a boat,3.333333333,0,3.666666667,3.333333333,2,2,4,2,2.333333333,2,2.666666667,2.666666667
Consistent3D,An umbrella with a curved handle,3.333333333,4,0,3.333333333,3,2,3,3.333333333,2,2,4.333333333,3
Consistent3D,Several quadrangle stars on the surface of a coffee cup,2.666666667,1.333333333,0,2,2,2,4,3,3,2,4.333333333,2.333333333
DreamFusion,A asymmetrical flower,2,3.666666667,0,2,3,2,3,3,4,2,1,1
DreamFusion,A baby dragon leaning against a wolf knight,1,0,1,1,1,1,1,1,1,1,1,1
DreamFusion,A badge shaped like a shield,2,3,0,2,2.666666667,1,4,2.333333333,3,1,1,1
DreamFusion,A bag with a body shaped like a giant seashell,1,1,0,1,1,1,1,1,1,1,1,1
DreamFusion,A bat with fan-shaped ears and black wings with pink polka dots,3.666666667,2,0,2.333333333,3,2,4,3,3.333333333,3,4,2.5
DreamFusion,A beagle in a detective's outfit,4,1.333333333,0,3,3,2.666666667,2.333333333,4,3,2.333333333,4,2
DreamFusion,A bear reading the newspaper,3,0,3.333333333,3.333333333,2.333333333,2.666666667,4,3,3,2.333333333,3,3
DreamFusion,A bee above a flower made of red silk,2.333333333,3,2,2,3,2,3.666666667,3.333333333,3.666666667,2,3.333333333,2
DreamFusion,A bicycle crafted from bones of mythical creatures,1,1,0,1,1,1,1,1,1,1,1,1
DreamFusion,A bird on a branch,2,0,1,1.666666667,2,2,2.666666667,4,2.666666667,1.666666667,1,1
DreamFusion,A bird pecking at a shiny necklace on a table,1,1,1,1,1,1,1,1,1,1,1,1
DreamFusion,A bird with a pointed beak,3.666666667,4,0,4,2.666666667,2.333333333,3,4,3,2,4,2.666666667
DreamFusion,A bird with rainbow feathers,2,3,0,2,1,1,1,1,1,1,3.666666667,2
DreamFusion,A black bicycle with a curved handlebar,3,3,0,3,2.666666667,2.333333333,2,4,3,2,4,2
DreamFusion,A black camera,5,5,0,5,1,1,1,1,1,1,1,1
DreamFusion,A black cat,1,1,0,1,1,1,1,1,1,1,1,1
DreamFusion,A black cat knocking over a glass with its paw extended,2,3.666666667,2,2.666666667,2.333333333,2,3,4,3.333333333,2,3,1.666666667
DreamFusion,A black cat sitting on a soft cushion,1,1,1,1,1,1,1,1,1,1,1,1
DreamFusion,A black leather jacket with silver zippers,2,2,0,2,1,1,1,1,1,1,1,1
DreamFusion,A black motorcycle with rearview mirror,1,1,0,1,2.666666667,2.666666667,1.333333333,4,4,2,1,1
DreamFusion,A black panther with slender claws and yellow eyes,3,2.333333333,0,2.5,3,2,2,3.666666667,3,2.333333333,4,1.333333333
DreamFusion,A black tall hat with a yellow ribbon,4.666666667,4,0,4.333333333,3,3,4,4,3,3.333333333,5,3
DreamFusion,A blue backpack with a red printed pattern and transparent pockets on the side,4,3.333333333,0,3.666666667,3,1.666666667,4,4,3,2.333333333,3,2.666666667
DreamFusion,A blue butterfly on a pink flower,4,4,4,4,3,3,4,4,3,3,4.333333333,3.333333333
DreamFusion,A blue denim jacket draped over a chair,1.333333333,1.333333333,1,1.333333333,1,1,1,1,1,1,1,1
DreamFusion,A blue ottoman with a padded top,5,4.333333333,0,4.666666667,3,3,4,5,3.333333333,3,5,4
DreamFusion,A blue parrot perching on a tree branch,4,4,4,4,2.666666667,2.333333333,3,4,3,2,4,3
DreamFusion,A blue parrot with white feathers and a yellow beak,3,3,0,3,3,2,2.666666667,3.666666667,3,2.666666667,4,2
DreamFusion,A blue scarf,1,1,0,1,1,1,1,1,1,1,1,1
DreamFusion,A bonsai with metal leaves,1,1,0,1,1,1,1,1,1,1,1,1
DreamFusion,A bright yellow rubber duck floats in a sudsy bathtub,3,3,2,2,3.666666667,3,5,5,3.666666667,3.333333333,4.333333333,3
DreamFusion,A bright yellow school bus with black tires and a stop sign,3,3,0,2.333333333,2.333333333,2,3,4,3,2,3.666666667,2.333333333
DreamFusion,A bronze statue,4,3.666666667,0,3.666666667,2.333333333,2,2.333333333,4.333333333,3.666666667,2,4,1.666666667
DreamFusion,A brown bear playing with a ball of yarn,3,4,3,3.333333333,3,2,3.333333333,4.333333333,3.333333333,3,4,2.666666667
DreamFusion,"A brown bear with black eyes and thick, shaggy fur",1,1,0,1,1,1,1,1,1,1,1,1
DreamFusion,A brown dog,2,3,0,2,2,2,3,3.666666667,3,2,4,2
DreamFusion,A brown fox wearing a hat,3,4,0,3.333333333,2.666666667,2.333333333,3,4,3,2.666666667,3,2.666666667
DreamFusion,A brown horse standing near a cow,2,3.333333333,1,2,2,1.333333333,3,4,4,1.666666667,3.333333333,2
DreamFusion,A brown sweater with a snowflake pattern,1.333333333,1,0,1,2,1.333333333,2.333333333,3,2.666666667,1.333333333,4,2
DreamFusion,"A bulky elephant with a cylindrical trunk and thick, pillar-like legs",4,4,0,4,2,2,4,3.333333333,4,2.666666667,4,2
DreamFusion,A bush with green leaves covered with golden gemstones,1,1,0,1,1,1,1,1,1,1,1,1
DreamFusion,A butterfly landing on a wide-brimmed hat placed on a chair,4,4.666666667,4,4,3,3,3,4,2.666666667,3,4,3
DreamFusion,A butterfly on a flower,4,0,5,4,2,2,3,3.333333333,3,2.333333333,5,2.5
DreamFusion,A butterfly with blue and white pattern inside an iron oven,1,1,1,1,1,1,1,1,1,1,1,1
DreamFusion,A butterfly with vibrant wings resting on a blooming sunflower,1.666666667,1.666666667,1.333333333,1.666666667,3,2,3.666666667,3,4,2,1,1
DreamFusion,A butterfly with wings made of stained glass,1.333333333,1.333333333,0,1.333333333,3,2,2.666666667,3,4,2.333333333,4,1.666666667
DreamFusion,A cactus with a spiral pattern on its surface and covered with glittering golden spines,4,3,0,3,2.666666667,2,3,4,2.666666667,2.666666667,5,2.666666667
DreamFusion,A cactus with arms of different lengths shaped like a candelabra,4,1.333333333,0,2,3,2.333333333,3,5,3,3,4,2
DreamFusion,A cactus with red flowers,3,2.666666667,0,2.666666667,2.666666667,2,3,4,3,2,4.666666667,2.666666667
DreamFusion,A cake on a ceramic plate,4,2,4,3,3,2.333333333,4.333333333,4.333333333,3.333333333,2.666666667,3.666666667,3
DreamFusion,A car parked next to a red bicycle,2,0,2,2,2,2,3,4,3.666666667,2,3.666666667,2
DreamFusion,A car shaped like sushi,3.333333333,2.333333333,0,2.333333333,2.666666667,2,3.333333333,3.666666667,3.333333333,2.666666667,3.666666667,2.666666667
DreamFusion,A car with square wheels,3.333333333,2,0,2.333333333,2,2,3,4,4,2.666666667,4.666666667,2
DreamFusion,A castle with a rainbow-colored exterior and hieroglyphs written all over it,1,2.333333333,0,2,3,2,3.333333333,3.333333333,3.333333333,2,1,1
DreamFusion,"A cat, one eye missing",1,1,0,1,2.333333333,1.333333333,2,3,3,2,2,1
DreamFusion,A cat below a chair,1.333333333,0,1,1,2,2,2,3.333333333,3,1.666666667,2,1
DreamFusion,A cat curling up on a bicycle with tail batting at the seat,2,0,2,2,2.333333333,2.333333333,3.333333333,3,3.333333333,2.333333333,3.333333333,2
DreamFusion,A cat pawing at a toy,1.666666667,0,1,1,2,2,3,4,3.666666667,2,3,1.666666667
DreamFusion,A cat with two different colored eyes,2,1.333333333,0,1.333333333,1.333333333,1,1,1.333333333,1,1,1,1
DreamFusion,A cat with wings,1.333333333,1.333333333,0,1,1,1,1,1,1,1,1,1
DreamFusion,A cat wizard wearing a magic hat,3,4,0,3.333333333,2.333333333,2,3,3.666666667,3,2,2.666666667,2.333333333
DreamFusion,A chair with a seat shaped like a giant leaf,2,4,0,3,3,2.666666667,2,4,4,2,4,1.666666667
DreamFusion,A chair with legs made of vines and a gradient seat that changes from purple to red,1,1,0,1,1,1,1,1,1,1,1,1
DreamFusion,A cherry blossom tree with pink petals and gray branches,1.333333333,1,0,1,1,1,1,1,1,1,1,1
DreamFusion,A chimpanzee carrying a backpack,3.666666667,0,4,3.666666667,3,2.666666667,4,4,3.333333333,3,4,3.333333333
DreamFusion,A church with a tall steeple located near a modern house with large windows,2.666666667,2,1.666666667,1.666666667,2,2,3,3.666666667,3.333333333,2.666666667,3,2
DreamFusion,A circular white clock,1,1.333333333,0,1,1,1,1,1,1,1,1,1
DreamFusion,"A clay vase with a round base, and a floral pattern",4,3.333333333,0,3.333333333,2.666666667,2,4,4,2.333333333,2,4.666666667,3
DreamFusion,A collection of fresh vegetables arranged in a wicker basket,1,1,1,1,2,1,2.333333333,2.666666667,3,1.333333333,1,1
DreamFusion,A colored mushroom growing on a log,3,3,2,3,3.666666667,3,4.666666667,5,4,3.333333333,5,3
DreamFusion,A colorful dragonfly on a desk with wings opening,1,1,1,1,1,1,1,1,1,1,1,1
DreamFusion,"A colorful fruit salad with sliced strawberries, and blueberries",2,2,0,2,2,1.333333333,4,2,2.666666667,2,2.666666667,2
DreamFusion,A colorful ladybug in a glass bottle,2,1,1,1,2,1.666666667,4,4,3.666666667,1.333333333,1,1
DreamFusion,A conical castle tower with a pointed roof and arched windows,4,4,0,4,3,2,3.333333333,3,3.333333333,2.666666667,4.333333333,2
DreamFusion,A conical tower,2.333333333,4,0,2.666666667,3,2.333333333,2,4,3.333333333,2,3,1.666666667
DreamFusion,A corgi dog lying on a sofa with head resting on a cushion,2,0,2,2,2.666666667,2,3,4,3,2.333333333,4,2
DreamFusion,A crocodile below a table,2.666666667,0,1.666666667,2,2,2,4,4,3,2,4,2.333333333
DreamFusion,A crystal key hanging on a metal hook,2,2,1.666666667,1.666666667,2,2,3,4,3.333333333,2.333333333,3,2
DreamFusion,A cup full of colorful pens and pencils,1.666666667,3,0,2.333333333,2.333333333,2,2.666666667,4.666666667,3,2,4,2.666666667
DreamFusion,A curved brush,3.333333333,4,0,3.666666667,3,2.333333333,3.333333333,4.333333333,3,2.333333333,4.666666667,3
DreamFusion,A cylindrical chair,1,1,0,1,1.333333333,1.333333333,2,4,3.666666667,1.333333333,4,2
DreamFusion,A deer standing near the ruins of a stone castle with ears perking up,1,1,1,1,2,1.333333333,2,5,3.666666667,1.666666667,1,1
DreamFusion,A deer with antlers of various sizes in the shape of branches,1,1,0,1,1,1,1,1,1,1,1,1
DreamFusion,A delicate porcelain teacup painted with flowers rests on a saucer,3,2,4,2,2,1.666666667,4,4,3.333333333,2,4,2
DreamFusion,A delicious sandwich next to a pile of crispy,2,0,1.333333333,1.333333333,2,2,4,4,3.333333333,2,4,1.666666667
DreamFusion,A dog barking at a cat,2,0,2,2,2,2,3,4,3,2,3.333333333,2
DreamFusion,A dog eating a piece of bread on the table with tail raising,2,1,2,2,2,2,3,4,3,2,4,2
DreamFusion,A dog sitting next to a white cat,1.666666667,1,2,2,2,2,3,3.333333333,4,2,3,1.666666667
DreamFusion,A dog wearing extremely cool sneakers,2.333333333,3.666666667,0,3,2,2,2,4,3.333333333,2,3,2
DreamFusion,A dog with a beard and ears shaped like butterfly wings,1,1,0,1,1,1,1,1,1,1,1,1
DreamFusion,A dragon curled up on a floating sofa with tail wrapped around a cushion,3,0,3.333333333,3,2,2,4,4,3.333333333,2,4,3
DreamFusion,A dragon holding a staff wrapped in glowing vines with a crown on his head,1,1,1,1,1,1,1,1,1,1,1,1
DreamFusion,A dragon with metallic scales,2,1,0,1,2,2,2,3.333333333,3,2,4,2
DreamFusion,A dragonfly in a water tank,1,0,1,1,1,1,1,1,1,1,1,1
DreamFusion,A drone with balanced propellers,2,1.333333333,0,1.333333333,2,1,2,2.333333333,3,2,3.333333333,2
DreamFusion,A duck chasing a toy boat,4,5,3,3.333333333,3,2.333333333,5,3,2.333333333,3,4.666666667,3.666666667
DreamFusion,A fat owl wearing a black gown,1,1,0,1,1,1,1,1,1,1,1,1
DreamFusion,A fat penguin,4,4,0,4,3,2.666666667,3,3.333333333,4,3,3,3
DreamFusion,A fat wolf with pink fur,1,1,0,1,2.333333333,1.333333333,3,4.333333333,4,1.666666667,3.333333333,2
DreamFusion,A fish with deep black scales speckled with stars,1,1,0,1,1,1,1,1,1,1,1,1
DreamFusion,A fish-shaped shoe,4,1.333333333,0,2.666666667,3,2,4,3,3.333333333,3,4.333333333,2.333333333
DreamFusion,A floral dress hanging on a coat rack,2,2,1.333333333,1.666666667,2,2,4,4,3,2,3,1.666666667
DreamFusion,A flower on a table,3,0,2,2,3,2,5,5,3,3,5,2.666666667
DreamFusion,A flower that blooms petals shaped like butterflies,1,1,0,1,1,1,1,1,1,1,1,1
DreamFusion,A flower with petals made of soft pink silk,1.333333333,1.666666667,0,1.333333333,1,1,1,1,1,1,1.666666667,1
DreamFusion,A flower with round copper petals,1,1,0,1,1,1,1,1,1,1,1,1
DreamFusion,A flower with star-shaped petals,1,1,0,1,1,1,1,1,1,1,1,1
DreamFusion,A fluffy cat lying on its back on a couch,1,1,1,1,1,1,1,1,1,1,1,1
DreamFusion,A footballer kicking a ball,2.666666667,0,2,2,2.666666667,2,3,3.666666667,3.666666667,2,3.333333333,2
DreamFusion,A fox holding a basketball,3,0,2.666666667,2.666666667,3,2.666666667,3,4,3,2.666666667,3,3
DreamFusion,A fox lying on a couch and watching television with a coffee cup in his hand,3.333333333,3,3,3,3,2,4,4.333333333,3,3,4,2.5
DreamFusion,A fox on a maple leaf with tail draped over the edges,1,0,1,1,1,1,1,1,1,1,1,1
DreamFusion,A fox taking a photograph using a DSLR,2,0,2,2,2,1.666666667,3,3.666666667,3,2,2.333333333,2
DreamFusion,A fox wearing a tailored suit and a tie,4,4.666666667,0,4,3,2.333333333,3,3,3,3,3,2.666666667
DreamFusion,"A fox with a bushy, crescent-shaped tail and pointed ears",3,3,0,3,2.333333333,2,2.333333333,4,3.666666667,2,4.666666667,2
DreamFusion,"A fox with nine tails, each of which is made of metal",3,2,0,2,2.333333333,2,3.666666667,4,3,2.333333333,4,2
DreamFusion,A frog inside a refrigerator full of fruits and vegetables,2.333333333,3,2,2,2,1.666666667,3.333333333,2.333333333,3,2,4,2
DreamFusion,A frog on a lily pad,4,0,4,4,2,2,4,3.666666667,3.333333333,2,4,2.666666667
DreamFusion,A frog with a mechanical heart,4,2.666666667,0,2.666666667,3,2,4,4,3.333333333,2.666666667,5,2.666666667
DreamFusion,A fruit basket filled with apples and oranges on a table,2.333333333,4,2,2.333333333,3,3,4,4,3,2.666666667,5,3
DreamFusion,A fruit basket holding apples,3.666666667,0,3.666666667,3.666666667,3,3,5,4,3,3,4.333333333,3.666666667
DreamFusion,A fruit basket on a table,2,0,2,2,2.333333333,2,4,4,3,2,4,2.666666667
DreamFusion,A gaming console with a gray plastic shell and red buttons,4,5,0,4,3,2,4.666666667,5,4,3,5,3
DreamFusion,A giant ant standing on a blue crystal ball,3.333333333,4,3,3,3,2.666666667,3,4,3.333333333,2.333333333,4,2
DreamFusion,A goat drinking beer,2,0,1,1.333333333,2,2,2,4,3.666666667,1.666666667,1,1
DreamFusion,A gold necklace lying on a wooden table next to a pair of earrings,1.333333333,1,1.333333333,1.333333333,2.333333333,2.333333333,4,4,2,2.666666667,4,2
DreamFusion,A gold necklace with a circular pendant,1,1,0,1,1,1,1,1,1,1,1,1
DreamFusion,A golden croissant with a flaky layer of butter and a smooth finish,3,2.333333333,0,2.666666667,3,2,4,4.666666667,3.333333333,2.666666667,4,2.333333333
DreamFusion,A golden motorcycle,4,4.333333333,0,4,2.666666667,2.666666667,3.666666667,4,3,2.666666667,5,3
DreamFusion,A golden ring with a miniature castle built atop the band,1,1,0,1,1,1,1,1,1,1,1,1
DreamFusion,A goldfish on a guitar,3,0,2,2.333333333,3,2.666666667,4,4,3,3,4.666666667,2.666666667
DreamFusion,A gray car shaped like a toast,4,4,0,4,3,3,4.333333333,4.333333333,3.333333333,3,4.333333333,2.333333333
DreamFusion,A gray cotton t-shirt with a printed logo,1,1,0,1,1,1,1,1,1,1,1,1
DreamFusion,A gray dog licking an ice cream cone,4,3.333333333,3.333333333,3.333333333,2,2,3,4,3,2,4,3.333333333
DreamFusion,A gray elephant with a long trunk,1,1,0,1,1,1,1,1,1,1,1,1
DreamFusion,A gray horse with a long mane and wrinkled skin,3,2.333333333,0,2.333333333,3,2,2,3.333333333,4,2,2.666666667,2
DreamFusion,A gray knife shaped like a leaf,3,3,0,3,3,3,4,4.666666667,3.333333333,3.333333333,5,3.666666667
DreamFusion,A gray skyscraper with rectangular windows,2.666666667,3,0,2.666666667,3,2.333333333,2.666666667,4,3,2.666666667,4,1.666666667
DreamFusion,A gray submarine resembling a giant fish,4,4,0,4,2.666666667,2.666666667,4,4.333333333,3.333333333,3,4,3
DreamFusion,A gray wrench,3.666666667,3,0,3,2,2,4,4,3,3,5,3
DreamFusion,A green bowl with a wide rim and a ceramic texture,2,3,0,2.333333333,2,2,4,3,3,2.333333333,4,2
DreamFusion,A green cactus in a clay pot,4,4,4,4,3,2.666666667,4,4,3,3,4.333333333,4
DreamFusion,A green cactus with sharp spines,4,2.666666667,0,3,3,2,4,4,3,2.333333333,4.666666667,2.66666666666667
DreamFusion,A green flute with a cylindrical shape and finger holes,1,1,0,1,1,1,1,1,1,1,1,1
DreamFusion,A phoenix with a long beak and wings shaped like a flame fan,3,2.333333333,0,2.333333333,3,3,3,4,4,2.333333333,4.666666667,2.333333333
DreamFusion,A phoenix with golden feathers,1,1,0,1,1,1,1,1,1,1,1,1
DreamFusion,A piano with keys that sparkle like crushed diamonds,3.333333333,1.666666667,0,2.333333333,2,2,2.333333333,3.666666667,3,2,3.666666667,2
DreamFusion,A pig playing a drum set,4.333333333,0,3,4,2,2,3.666666667,3.333333333,3,3,3,3
DreamFusion,A pigeon reading a book,3,0,3,3,2.333333333,2,3.666666667,3,3.333333333,2,3,2.666666667
DreamFusion,A pile of burning firewood in a refrigerator with the door open,1,1,1,1,1,1,1,1,1,1,1,1
DreamFusion,"A pine tree with a tall, conical form",2,2.333333333,0,2,2.333333333,2,2.333333333,4,3,2,4,2
DreamFusion,A pink boat,3.333333333,3.666666667,0,3,3.333333333,3,4,2,2,2,2,3
DreamFusion,A pink cherry blossom with a slender branch,1,1,0,1,1,1,1,1,1,1,1,1
DreamFusion,A pink desk lamp shaped like a trumpet flower,1,1,0,1,1,1,1,1,1,1,1,1
DreamFusion,A pink pig with a curly tail,5,3,0,3,3.666666667,2.666666667,5,5,3,3.333333333,5,3
DreamFusion,A pink rose with a ruby in the center,2.333333333,2,0,2.333333333,2.333333333,2,4,3,3,2,1,1
DreamFusion,A pink shark,2.333333333,1,0,2,2,2,2.666666667,3,3.666666667,2,3.666666667,2
DreamFusion,A pink smartwatch with a square face and a silicone band,1,1.333333333,0,1,2,2,2.333333333,3.333333333,4,1.333333333,1,1
DreamFusion,A pink vase filled with white lilies,4,3.333333333,0,4,3,2.666666667,4,4,3,3,4,3
DreamFusion,A pirate digging for treasure with a rusty shovel,1,1,1,1,1,1,1,1,1,1,1,1
DreamFusion,A pizza placed beside a fresh salad,2,1,2,2,2.333333333,2,4.333333333,5,4,2.333333333,4,2.333333333
DreamFusion,A plant with rainbow leaves in a clay pot,1.666666667,2,1.333333333,1.333333333,1,1,1,1,1,1,4,2
DreamFusion,A pot shaped like a lotus leaf with a golden pattern on the surface,2,4,0,3,2,2,4,4,3,1.666666667,3.333333333,2
DreamFusion,A pottery bowl with hand-painted flowers,1,1,0,1,1,1,1,1,1,1,1,1
DreamFusion,A purple shirt with a square collar and buttoned front,2,2,0,2,3,2,3.333333333,3,3.666666667,2,3,2
DreamFusion,A pyramidal bottle with glowing liquid,3,4,0,4,3,2,4,3,3.333333333,2,2.666666667,2
DreamFusion,A rabbit chewing a shoe,4,0,3,3.333333333,2,2,4.333333333,3.666666667,3,2.333333333,4.333333333,3.666666667
DreamFusion,A rabbit kissing a fox,2,0,4,2.666666667,2,2,3,4,3.333333333,2.666666667,4,2.333333333
DreamFusion,A rabbit pirate casting a spell with a magic wand,2.666666667,0,2,2,3,3,3,4,3,3,4,2.666666667
DreamFusion,A rabbit wearing a dress,3.333333333,4,0,4,3,2,3,4,2,2,3,3
DreamFusion,A raccoon detective on a rainbow bridge,3,4,3,3,3,3,4,3.666666667,3,3,4,2.666666667
DreamFusion,A raccoon holding a goblet that shimmers with a rainbow of colors,3,4,2,3,3,2,3,3.333333333,3,2,2.666666667,1.666666667
DreamFusion,A raccoon nibbling on a fallen walnut with paws holding the nut,1.333333333,0,1,1,2,1.333333333,2,2.333333333,3,1.333333333,1.33333333333333,1.66666666666667
DreamFusion,A raccoon under a cable car with tail curling around the handle,1,0,1,1,1,1,1,1,1,1,1,1
DreamFusion,A raccoon wearing a helmet piloting an airplane,3,1,2,2,3,2,3,3,2,2,2,2
DreamFusion,A raccoon wearing a white chef's hat and red apron with floral patterns,2,1,0,1,1,1,1,1,1,1,1,1
DreamFusion,A rainbow-colored rabbit with protruding front teeth,4,2.333333333,0,2.333333333,2.333333333,2.333333333,3.333333333,4,3.333333333,3,4,2.333333333
DreamFusion,A rectangular belt with a flat buckle and evenly spaced holes,1.666666667,2,0,1.666666667,3,1.333333333,3.666666667,4,4,1.666666667,1,1
DreamFusion,A rectangular car,4.666666667,4.666666667,0,4.666666667,2.666666667,2.333333333,4.666666667,4.666666667,3,2.666666667,4.666666667,2.666666667
DreamFusion,A rectangular wooden bookshelf,4,4,0,4,3,2,4.666666667,4,4,3,4.666666667,3
DreamFusion,A rectangular wrench with red patterns and hieroglyphic engravings,3.666666667,1.666666667,0,2,2.333333333,2,4,4,3,2,4,3
DreamFusion,A red armchair with padded armrests,4.666666667,4,0,4,3,2,4.666666667,4.666666667,3,3,5,3.333333333
DreamFusion,A red coffee mug on a table,3,5,2,3,3,2.666666667,5,4,3,3,5,2.5
DreamFusion,A red drum with a wooden and cylindrical body,1,1.333333333,0,1,1,1,1,1,1,1,1,1
DreamFusion,A red house shaped like an apple,3.333333333,4,0,4,2.666666667,2.666666667,4,4.333333333,4,3,4.666666667,3.333333333
DreamFusion,A red tiger with a wicker tail,3,3,0,2.333333333,3,2,3.333333333,4,3,2,5,2
DreamFusion,A robot dog below a glowing spaceship,1,1,1,1,1,1,1,1,1,1,1,1
DreamFusion,A rocking chair made of amber with cloud-like foam cushions,4,2,0,3,3,2,3.333333333,5,3.666666667,3,3.666666667,2.333333333
DreamFusion,A rose with petals of frosted crystal and a stem wrapped in green vines,1.666666667,2,0,1.666666667,2,1.666666667,1.666666667,4,3,1.666666667,4,1
DreamFusion,"A round, red apple with a brown stem and green leaves",4,2,0,2,3,3,3.333333333,5,4,3,4.333333333,2.333333333
DreamFusion,"A round chair with a cushioned seat, and carved spirals on the body",4.666666667,4,0,4,2.666666667,2,4,4.333333333,3.333333333,3,5,3
DreamFusion,A round green plate like a water lily,1,1,0,1,1,1,1,1,1,1,1,1
DreamFusion,A round pizza,4.666666667,5,0,4.666666667,2,2,3.333333333,4.333333333,4,2.666666667,4,2.333333333
DreamFusion,A round sunflower,2,3,0,2.333333333,1,1,1,1,1,1,1,1
DreamFusion,A round teapot of rainbow colors,4,4,0,4,3,2.333333333,4,4,4,3,3,3.333333333
DreamFusion,A ruler and a pencil,1.666666667,0,0,1.666666667,2,1,4,4,2,1.666666667,1,1
DreamFusion,A shark with a crown is holding a trident,2.666666667,3.666666667,1.333333333,3,3,2,3,4,3,3,4,3
DreamFusion,A sheep wearing a dress made of glowing leaves,1,1,0,1,1,1,1,1,1,1,1,1
DreamFusion,A sheep wearing a hoodie decorated with colorful flowers and green leaves,1,1,0,1,1,1,1,1,1,1,1,1
DreamFusion,A shoe next to a sock,3,0,3,3,2,2,4,4,4,2.666666667,4,4
DreamFusion,A shoe with a body shaped like a fish,4.333333333,2,0,2.666666667,3,2,5,3.666666667,5,3,4,3.333333333
DreamFusion,A short and dense fern with leaves shaped like feathers,1,1,0,1,1,1,1,1,1,1,1,1
DreamFusion,A short brush with gold bristles,3,2,0,2,2,2,4,4,3.666666667,2,4,2
DreamFusion,"A short mushroom with a thick, rounded cap and a narrow stem",4.333333333,3.333333333,0,4,3,2.666666667,5,5,3.333333333,3.333333333,5,3.333333333
DreamFusion,A silver circular ring with a gem,1,1,0,1,1,1,1,1,1,1,1,1
DreamFusion,"A silver scissors with rubber handles, and a screw joint",4,2,0,2.333333333,2.333333333,2,4,4,3,3,4.666666667,3
DreamFusion,A skeleton knight sitting on a throne whose armrests are adorned with intricate carvings,1,1,1,1,1,1,1,1,1,1,1,1
DreamFusion,A skirt made of scales with a hem shaped like a mermaid's tail,4,2,0,2,3,2.333333333,4,4,4,2.666666667,4,3
DreamFusion,A slender palm tree with fan-shaped leaves and curved branches,1,1,0,1,1,1,1,1,1,1,1,1
DreamFusion,"A small, oval-shaped fish with a flat body and triangular fins",3,2.666666667,0,3,2,1.666666667,3,4,4,2,4,2
DreamFusion,A small wooden ship inside a porcelain cup,3,3,3,3,2,2,4.333333333,4,3,2.333333333,4,2.333333333
DreamFusion,A snail with a shell made of smooth jade,3.333333333,2,0,2.666666667,2.333333333,2,3.333333333,4,3.333333333,3,3,2
DreamFusion,A snake shaped like a long tube,3.333333333,4,0,3.666666667,3,3,3,4.666666667,3.666666667,3,4,2
DreamFusion,A snake with legs,4,1.333333333,0,2.333333333,3,2,4,5,3.666666667,3,4,2.333333333
DreamFusion,A sneaker with blue stripes on the surface,3.333333333,2,0,3,3,3,5,4,4,3,4.333333333,2.666666667
DreamFusion,A sparrow building a nest on the house with branches and leaves,1,1,1,1,1,1,1,1,1,1,1,1
DreamFusion,A spiked dragon,2,1,0,1,2.333333333,1.333333333,2,3,4,1.666666667,1.333333333,1.333333333
DreamFusion,A spiky green iguana with a long tail and a row of spines along its back,3.666666667,3.666666667,0,3.666666667,3,1.333333333,4.666666667,4.666666667,3,2.666666667,4.666666667,2.333333333
DreamFusion,A spiky lizard with jagged wings and uneven scales on its body,4,1.333333333,0,2,2,2,4,4,3,2.333333333,4.333333333,2
DreamFusion,A spoon in a bowl,3.333333333,0,3,3,2,2,5,4,4,2,3.333333333,2.333333333
DreamFusion,"A spruce tree with sharp, triangular needles and a slightly curved trunk",1,1,0,1,1,1,1,1,1,1,1,1
DreamFusion,A square camera,1.666666667,2,0,1.666666667,1,1,2.666666667,4,4,1.333333333,1.666666667,1
DreamFusion,A square mirror surrounded by blooming flowers,1,1,0,1,1,1,1,1,1,1,1,1
DreamFusion,A squirrel eating a donut,1,0,1,1,1,1,1,1,1,1,1,1
DreamFusion,A squirrel jumping from a tree with an acorn in its mouth,1,1,1,1,1,1,1,1,1,1,1,1
DreamFusion,A squirrel wearing a tuxedo and holding a conductor's baton,1,1,1,1,1,1,1,1,1,1,1,1
DreamFusion,A starfish inside a seashell,3.333333333,0,3.333333333,3,3,2.333333333,4.333333333,4,3,3,3.666666667,2
DreamFusion,A steak and potatoes,1,0,0,1,1,1,1,1,1,1,1,1
DreamFusion,A steaming basket full of dumplings,2.333333333,2.333333333,0,2.333333333,2,2,4,3.666666667,3.333333333,2.333333333,4,2.666666667
DreamFusion,A stone arched bridge with a hole on the surface,1,1,0,1,1,1,1,1,1,1,1,1
DreamFusion,A stone castle,2,1.333333333,0,1.333333333,2.333333333,2.333333333,3,2.333333333,3.666666667,2,3,2
DreamFusion,A stool below a table,3,0,2,2,3,3,4.333333333,4.333333333,3.333333333,3,4.666666667,3
DreamFusion,A stool with legs like an elephant's leg and a seat like a mushroom top,4.333333333,2.333333333,0,3,3,2.333333333,4,4.333333333,2.666666667,3,4,2
DreamFusion,"A striped tiger with orange fur, black stripes, and green eyes",3.666666667,4,0,4,3,2,3.666666667,4,2.333333333,2.333333333,4,2.666666667
DreamFusion,A sunflower next to a rose,1,0,1,1,2.333333333,2.333333333,3,3,3,1.666666667,1,1
DreamFusion,"A sunflower with a circular head, slender petals and dense foliage",1,1,0,1,1,1,1,1,1,1,1,1
DreamFusion,A sunflower with a diamond center,1,1,0,1,1,1,1,1,1,1,1,1
DreamFusion,A sunflower with metallic petals and a brown clock face in the middle,1,1,0,1,1,1,1,1,1,1,1,1
DreamFusion,A sunflower with yellow petals and a dark brown center,1,1,0,1,1,1,1,1,1,1,1,1
DreamFusion,A swan inside a crystal,3,0,3.666666667,3,2,2,3.666666667,3.333333333,3,2,3,3
DreamFusion,A symmetrical bridge,1,1,0,1,1,1,1,1,1,1,1,1
DreamFusion,A symmetrical dragonfly with wings made of light-colored glass,1,1,0,1,1,1,1,1,1,1,1,1
DreamFusion,A table with a top like a leaf and legs like branches,4,4,0,4,3,2.666666667,4,5,3,2.666666667,4.333333333,3.666666667
DreamFusion,A tall brown-furred giraffe,3,3,0,3,1.666666667,2,2,3.333333333,2.666666667,2,4,2
DreamFusion,A teddy bear with a red bow,2,2.333333333,0,2,2,2,2,3.333333333,3.666666667,2,1.666666667,1.333333333
DreamFusion,"A television, decorated with gold and inlaid with jewels",1,1,0,1,1,1,1,1,1,1,1,1
DreamFusion,A tiger dressed as a doctor,1,1,0,1,1,1,1,1,1,1,1,1
DreamFusion,A tiger driving a car,4.666666667,0,4.666666667,4.666666667,3,3,4,4,3,3,3,3.5
DreamFusion,A tiger outside a house,1,0,1,1,1,1,1,1,1,1,1,1
DreamFusion,A tiger warrior next to a stone castle,2,3,2,2.333333333,2,1.333333333,2.666666667,2,3,1.666666667,2,2
DreamFusion,A tiny shark wearing a racing driver's suit and a helmet on its head,1.333333333,2,0,1.666666667,2.333333333,2,2.333333333,4,3,2,3,2
DreamFusion,A tortoise with a shell that looks like stained glass,4,4.666666667,0,4,3,2,4,4,3,3,4,3.333333333
DreamFusion,A tower with a pointed top,2,5,0,3,2,1.333333333,4,4.333333333,3,2.333333333,5,3
DreamFusion,A tree with silver bark,1,1,0,1,1,1,1,1,1,1,1,1
DreamFusion,A truck hauling a box,4,0,2.666666667,3,2.333333333,2,4,4,3,2.333333333,4,2
DreamFusion,A vintage rocking chair with curved arms and a woven cane seat,4.666666667,4,0,4,2.666666667,2,4,4.666666667,2.666666667,2.666666667,5,3
DreamFusion,A watermelon with golden and silver stripes,1,1,0,1,1,1,1,1,1,1,1,1
DreamFusion,A whale inside a bag,3,0,3,3,3,2,4,4,4,3,4,1.666666667
DreamFusion,A white ceramic vase with floral motifs,4,2.333333333,0,3,2,1.333333333,5,4.666666667,2.666666667,2,4,2
DreamFusion,A white dog with wings,4,3,0,3.333333333,2.333333333,2,4,3,3,2,2.666666667,2.666666667
DreamFusion,"A white headphones with soft, padded ear cups and a black headband",1,1,0,1,1,1,1,1,1,1,1,1
DreamFusion,A white milk carton with a yellow logo,5,4.333333333,0,4.333333333,3,2.666666667,5,5,1.666666667,3,5,3.333333333
DreamFusion,A white rabbit nibbling on a carrot,4,4,4,4,3,2.666666667,5,4,3,3.333333333,3.333333333,3.333333333
DreamFusion,A white rabbit with round ears,5,3,0,4,3,2,3.333333333,4,3,2.666666667,5,3
DreamFusion,A white scarf with fringed edges,2.333333333,2.333333333,0,2.333333333,3,2.666666667,3,3,3.333333333,3,1,1
DreamFusion,A wide hat,4,4.333333333,0,4,3,3,4.333333333,4,4,3.666666667,4.666666667,3
DreamFusion,A wide-brimmed straw hat with a black ribbon and a woven texture,3,3,0,3,2.666666667,2,3.666666667,4,3,2.333333333,4,2.666666667
DreamFusion,A willow tree with silvery branches and a slender trunk,1,1,0,1,1,1,1,1,1,1,1,1
DreamFusion,A wooden apple above a brass plate,2,1.666666667,1.666666667,1.333333333,2.333333333,2,3.333333333,3.333333333,3.333333333,2.333333333,4,2
DreamFusion,A wooden chair with a cushioned seat placed next to a round table,3,2,2,2,2,2,4,5,3,2.666666667,4,2
DreamFusion,A wooden desk with square drawers,4,3.333333333,0,3.333333333,2,2,4.333333333,3,4,2.333333333,4,3
DreamFusion,A wooden dining table with cylindrical legs,4,3,0,3.333333333,3,2,3,4.666666667,2.666666667,2.333333333,4.666666667,3
DreamFusion,A wooden guitar with a curved body and metal strings,3,1.333333333,0,2,2,2,3,4,3.666666667,2.666666667,3.666666667,2
DreamFusion,A wooden house,2,2.333333333,0,2,2,1.666666667,2.666666667,4,2.666666667,2,4,2
DreamFusion,A wooden violin,4.333333333,3,0,3.333333333,2.333333333,2,2.666666667,4,3,2.333333333,4,2.333333333
DreamFusion,A yellow banana with brown spots,3,4,0,3.333333333,3,2.333333333,5,5,3.666666667,3,3,2.666666667
DreamFusion,A yellow canary with a pointed beak and a copper crest on its head,1,1,0,1,1,1,1,1,1,1,1,1
DreamFusion,An apple next to a banana,3,0,2,2,2,2,4,4.666666667,4,2.666666667,5,2.666666667
DreamFusion,An earring designed as miniature chandeliers adorned with crystals,1,1,0,1,1,1,1,1,1,1,1,1
DreamFusion,An octopus playing the piano,4,0,4,4,3,2.666666667,4,4,3,3,3.333333333,3.666666667
DreamFusion,"An office building with a flat roof, and evenly spaced windows",1,1,0,1,1,1,1,1,1,1,1,1
DreamFusion,An olive-shaped metal leaf,3,3,0,3,2,2,4.666666667,4,4,3,3.666666667,2.333333333
DreamFusion,An orange cat with a long tail,3.333333333,3.666666667,0,3.333333333,3,2.333333333,3.333333333,5,4,3,4,2.666666667
DreamFusion,An orange square chimney,4,4.666666667,0,4,3,2.666666667,4,4.333333333,3,3,4.666666667,3
DreamFusion,"An oval-shaped hummingbird with thin legs, and a pointed beak",2,1.333333333,0,1.666666667,2,1,2.333333333,4,4,2,4,2
DreamFusion,An owl on a boat,3,0,4,3,2,2,3.333333333,3,3,2,3,2.666666667
DreamFusion,An umbrella with a curved handle,1,1,0,1,1,1,1,1,1,1,1,1
DreamFusion,Several quadrangle stars on the surface of a coffee cup,1,1,0,1,1,1,1,1,1,1,1,1
Hunyuan,A asymmetrical flower,5,3,0,4,5,4,5,4,5,4.333333333,5,4
Hunyuan,A baby dragon leaning against a wolf knight,5,0,5,5,3.666666667,3.666666667,3.666666667,3.666666667,3.666666667,3.666666667,5,4.666666667
Hunyuan,A badge shaped like a shield,5,5,0,5,5,5,5,5,5,5,5,5
Hunyuan,A bag with a body shaped like a giant seashell,5,4,0,4,4,4,5,5,5,4,5,5
Hunyuan,A bat with fan-shaped ears and black wings with pink polka dots,5,3.666666667,0,4,5,5,5,4,5,4.333333333,3.666666667,4
Hunyuan,A beagle in a detective's outfit,5,5,0,5,5,4.333333333,5,5,5,5,5,5
Hunyuan,A bear reading the newspaper,5,0,5,5,5,5,5,5,5,5,5,5
Hunyuan,A bee above a flower made of red silk,5,5,5,5,5,5,5,5,4.666666667,5,5,5
Hunyuan,A bicycle crafted from bones of mythical creatures,4.666666667,5,0,5,5,4.666666667,5,5,5,5,5,4.666666667
Hunyuan,A bird on a branch,5,0,5,5,5,5,5,5,5,5,5,4.666666667
Hunyuan,A bird pecking at a shiny necklace on a table,3.333333333,2,1.333333333,2.333333333,5,4,5,5,5,5,5,3
Hunyuan,A bird with a pointed beak,5,5,0,5,4.666666667,4.333333333,5,5,4.666666667,4,5,5
Hunyuan,A bird with rainbow feathers,5,5,0,5,5,5,5,5,5,5,5,5
Hunyuan,A black bicycle with a curved handlebar,5,5,0,5,5,4.666666667,4,5,5,5,5,4.666666667
Hunyuan,A black camera,5,5,0,5,5,4.666666667,5,5,5,5,5,4.666666667
Hunyuan,A black cat,5,5,0,5,5,5,5,4,5,4.333333333,4,4
Hunyuan,A black cat knocking over a glass with its paw extended,5,5,4,4,5,4.333333333,5,5,5,4.666666667,5,4.333333333
Hunyuan,A black cat sitting on a soft cushion,5,5,5,5,5,4,5,5,4,4.333333333,5,5
Hunyuan,A black leather jacket with silver zippers,5,5,0,5,5,5,5,4.666666667,5,5,5,5
Hunyuan,A black motorcycle with rearview mirror,4,5,0,4,5,4.666666667,5,5,5,5,5,4.333333333
Hunyuan,A black panther with slender claws and yellow eyes,4.666666667,4,0,4,4.666666667,4,4,5,4.333333333,4,4.333333333,3.666666667
Hunyuan,A black tall hat with a yellow ribbon,4,5,0,4.333333333,4,3.333333333,2.666666667,4.666666667,5,4,4,3.666666667
Hunyuan,A blue backpack with a red printed pattern and transparent pockets on the side,5,3.666666667,0,4,5,4.333333333,3.333333333,3.666666667,4.666666667,4,5,4
Hunyuan,A blue butterfly on a pink flower,5,5,5,5,5,5,5,5,5,5,5,5
Hunyuan,A blue denim jacket draped over a chair,5,5,5,5,5,4.666666667,5,4.666666667,5,4.666666667,5,4
Hunyuan,A blue ottoman with a padded top,5,5,0,5,5,5,5,5,5,5,5,5
Hunyuan,A blue parrot perching on a tree branch,5,5,5,5,5,4,5,4,5,4.333333333,5,4.333333333
Hunyuan,A blue parrot with white feathers and a yellow beak,5,4.333333333,0,4.666666667,5,4.333333333,5,5,4.333333333,4.333333333,5,5
Hunyuan,A blue scarf,4,4.333333333,0,4,5,5,5,5,5,5,4.666666667,4
Hunyuan,A bonsai with metal leaves,4.333333333,2.333333333,0,3,4,4,5,5,4.666666667,4.333333333,4,3
Hunyuan,A bright yellow rubber duck floats in a sudsy bathtub,5,4,5,4,4.666666667,4,5,5,4.666666667,4.333333333,5,5
Hunyuan,A bright yellow school bus with black tires and a stop sign,5,4,0,4,4,4,5,5,5,4.666666667,5,4.333333333
Hunyuan,A bronze statue,5,5,0,5,5,4,5,5,5,4.666666667,5,5
Hunyuan,A brown bear playing with a ball of yarn,5,5,5,5,5,5,5,5,5,5,5,5
Hunyuan,"A brown bear with black eyes and thick, shaggy fur",5,5,0,5,5,4,4,5,5,4.333333333,5,3.666666667
Hunyuan,A brown dog,5,5,0,5,5,4.333333333,5,5,5,5,5,5
Hunyuan,A brown fox wearing a hat,5,5,0,5,5,5,5,5,5,5,5,5
Hunyuan,A brown horse standing near a cow,3,5,2.333333333,3,5,4,5,5,4.333333333,4.333333333,5,4
Hunyuan,A brown sweater with a snowflake pattern,5,5,0,5,5,4,5,4.666666667,5,5,5,5
Hunyuan,"A bulky elephant with a cylindrical trunk and thick, pillar-like legs",5,4.666666667,0,5,5,4,4.666666667,5,5,4.666666667,5,5
Hunyuan,A bush with green leaves covered with golden gemstones,4.666666667,3,0,3.666666667,4,4,4.666666667,4,5,4.666666667,5,4
Hunyuan,A butterfly landing on a wide-brimmed hat placed on a chair,5,5,3,3.333333333,5,5,5,4.666666667,5,5,5,4
Hunyuan,A butterfly on a flower,5,0,5,5,5,4.666666667,5,5,5,5,5,4.666666667
Hunyuan,A butterfly with blue and white pattern inside an iron oven,5,5,4.333333333,4.333333333,5,5,5,5,5,5,5,4.666666667
Hunyuan,A butterfly with vibrant wings resting on a blooming sunflower,5,5,5,5,5,4.666666667,5,5,5,5,5,5
Hunyuan,A butterfly with wings made of stained glass,4.333333333,5,0,4.333333333,5,5,5,5,5,5,5,4.666666667
Hunyuan,A cactus with a spiral pattern on its surface and covered with glittering golden spines,4.333333333,3,0,3.333333333,4,3.333333333,4,4,3,3.333333333,4.333333333,3.666666667
Hunyuan,A cactus with arms of different lengths shaped like a candelabra,5,5,0,5,5,4.666666667,5,4,4.333333333,4.666666667,5,4.666666667
Hunyuan,A cactus with red flowers,5,5,0,5,5,4.333333333,5,5,5,5,5,5
Hunyuan,A cake on a ceramic plate,5,5,5,5,5,4.666666667,5,5,5,5,5,5
Hunyuan,A car parked next to a red bicycle,4,0,3.333333333,4,5,5,4,5,5,4,4.333333333,4
Hunyuan,A car shaped like sushi,5,2.666666667,0,3.333333333,4.666666667,4,5,5,5,4.333333333,5,3.666666667
Hunyuan,A car with square wheels,5,1.333333333,0,2.666666667,5,5,5,5,5,5,5,4
Hunyuan,A castle with a rainbow-colored exterior and hieroglyphs written all over it,5,3,0,4,5,4,5,5,5,5,5,4
Hunyuan,"A cat, one eye missing",5,2,0,3,5,4.666666667,5,4,5,4,3.666666667,3
Hunyuan,A cat below a chair,5,0,3,3.333333333,4.666666667,4,4.333333333,4,3.333333333,4,4,4
Hunyuan,A cat curling up on a bicycle with tail batting at the seat,5,0,4.666666667,4.666666667,5,4,4.666666667,5,5,4.666666667,5,4.666666667
Hunyuan,A cat pawing at a toy,5,0,5,5,5,5,5,5,5,5,5,4.666666667
Hunyuan,A cat with two different colored eyes,5,2,0,3,5,4,3,5,4.333333333,3.666666667,5,3.333333333
Hunyuan,A cat with wings,5,5,0,5,5,4.333333333,4.666666667,5,5,5,5,5
Hunyuan,A cat wizard wearing a magic hat,5,5,0,5,5,5,5,5,5,5,5,5
Hunyuan,A chair with a seat shaped like a giant leaf,5,5,0,5,5,5,5,5,4.666666667,5,5,5
Hunyuan,A chair with legs made of vines and a gradient seat that changes from purple to red,5,2.666666667,0,3,5,4,5,5,4.333333333,5,5,4
Hunyuan,A cherry blossom tree with pink petals and gray branches,5,5,0,5,4.666666667,4.666666667,4.666666667,4.333333333,3.666666667,4.666666667,5,5
Hunyuan,A chimpanzee carrying a backpack,5,0,5,5,5,5,5,5,5,5,5,5
Hunyuan,A church with a tall steeple located near a modern house with large windows,3,3,2,2.666666667,4.666666667,4,5,4.333333333,5,4,4.333333333,4
Hunyuan,A circular white clock,5,5,0,5,5,5,5,5,5,5,5,5
Hunyuan,"A clay vase with a round base, and a floral pattern",5,5,0,5,5,5,5,4,5,5,5,5
Hunyuan,A collection of fresh vegetables arranged in a wicker basket,5,5,5,5,5,4,5,4.666666667,4.666666667,4.666666667,5,5
Hunyuan,A colored mushroom growing on a log,5,5,5,5,5,4.333333333,5,5,4.666666667,5,5,5
Hunyuan,A colorful dragonfly on a desk with wings opening,4.666666667,5,4,4,5,5,5,5,5,5,5,4
Hunyuan,"A colorful fruit salad with sliced strawberries, and blueberries",3,3.666666667,0,3,4,3.333333333,5,3.666666667,5,3.333333333,4.333333333,3
Hunyuan,A colorful ladybug in a glass bottle,5,3,3.666666667,3.333333333,5,4,5,5,5,4.666666667,5,4.333333333
Hunyuan,A conical castle tower with a pointed roof and arched windows,5,5,0,5,5,4,5,5,4,4.333333333,5,5
Hunyuan,A conical tower,4.333333333,3,0,3.666666667,4.666666667,4.666666667,5,5,5,4.666666667,4.666666667,3.666666667
Hunyuan,A corgi dog lying on a sofa with head resting on a cushion,5,0,4,4,5,4,5,5,5,4,5,4.333333333
Hunyuan,A crocodile below a table,3,0,2,2,5,4.666666667,3.666666667,5,4.666666667,4,5,3.333333333
Hunyuan,A crystal key hanging on a metal hook,2,3,2,2,5,5,5,5,5,5,4,3.333333333
Hunyuan,A cup full of colorful pens and pencils,5,4,0,4,4.666666667,4,5,4,4.666666667,4,5,3.666666667
Hunyuan,A curved brush,4,2.333333333,0,3,4,4,5,4,5,4,4.666666667,3.666666667
Hunyuan,A cylindrical chair,5,1,0,3,4.666666667,4.333333333,5,5,5,4.666666667,5,4
Hunyuan,A deer standing near the ruins of a stone castle with ears perking up,5,5,5,5,5,4,5,4.666666667,4.666666667,4.666666667,5,4.666666667
Hunyuan,A deer with antlers of various sizes in the shape of branches,4,3,0,3,5,4,3,5,5,4,4.666666667,3.333333333
Hunyuan,A delicate porcelain teacup painted with flowers rests on a saucer,5,5,5,5,5,4,5,5,5,4.666666667,5,4.666666667
Hunyuan,A delicious sandwich next to a pile of crispy,4,0,4,4,5,5,5,5,4.666666667,5,4.666666667,4
Hunyuan,A dog barking at a cat,5,0,4.333333333,4.333333333,5,4,5,5,5,4.333333333,5,4
Hunyuan,A dog eating a piece of bread on the table with tail raising,4,1,2.333333333,3,5,4,4,5,4.666666667,4.333333333,5,3.666666667
Hunyuan,A dog sitting next to a white cat,5,3,5,4,4.666666667,4.333333333,5,5,5,5,5,4.666666667
Hunyuan,A dog wearing extremely cool sneakers,5,5,0,5,5,4,5,5,4.333333333,4.666666667,5,5
Hunyuan,A dog with a beard and ears shaped like butterfly wings,4,3,0,3.333333333,4,3.333333333,2.333333333,4.333333333,4.333333333,3.666666667,4.666666667,3
Hunyuan,A dragon curled up on a floating sofa with tail wrapped around a cushion,5,0,5,5,5,4,4.333333333,5,5,4.333333333,5,5
Hunyuan,A dragon holding a staff wrapped in glowing vines with a crown on his head,5,4,5,4,4.666666667,4.666666667,5,5,4.333333333,4.666666667,5,4
Hunyuan,A dragon with metallic scales,5,4.666666667,0,4.666666667,4.666666667,4,4,4.333333333,5,4.666666667,5,5
Hunyuan,A dragonfly in a water tank,4,0,4.666666667,4,5,4,4,5,4.666666667,4,5,4
Hunyuan,A drone with balanced propellers,5,4.333333333,0,4.333333333,5,4,5,4,5,5,3,3.333333333
Hunyuan,A duck chasing a toy boat,5,5,3,4,5,4.666666667,5,5,4.666666667,5,5,4.333333333
Hunyuan,A fat owl wearing a black gown,5,5,0,5,5,5,5,5,5,5,5,4.666666667
Hunyuan,A fat penguin,5,5,0,5,5,5,5,5,5,5,5,5
Hunyuan,A fat wolf with pink fur,5,5,0,5,4,4,5,4,4,4,5,4.333333333
Hunyuan,A fish with deep black scales speckled with stars,5,4,0,4,5,5,5,5,4.666666667,5,5,5
Hunyuan,A fish-shaped shoe,5,4,0,4,5,5,5,5,4,5,4.666666667,4
Hunyuan,A floral dress hanging on a coat rack,5,5,5,5,5,4.666666667,5,4.666666667,4.666666667,4.666666667,5,3.666666667
Hunyuan,A flower on a table,3,0,2.666666667,2,5,4.666666667,4.666666667,5,5,4.666666667,5,3.666666667
Hunyuan,A flower that blooms petals shaped like butterflies,5,3,0,4,5,4.666666667,4,5,5,4.666666667,5,4
Hunyuan,A flower with petals made of soft pink silk,3.333333333,4,0,3.666666667,4,4,4.666666667,5,4,4,2.666666667,3
Hunyuan,A flower with round copper petals,5,4.666666667,0,4.666666667,5,5,5,5,5,5,5,4.666666667
Hunyuan,A flower with star-shaped petals,4.666666667,2,0,3,5,4,5,5,5,5,4,4
Hunyuan,A fluffy cat lying on its back on a couch,3,5,2,2,4.666666667,4,4.666666667,4,4.666666667,4,5,3.333333333
Hunyuan,A footballer kicking a ball,3,0,3,3.333333333,5,4,5,5,5,4,4.666666667,3.333333333
Hunyuan,A fox holding a basketball,5,0,5,5,5,5,5,5,5,5,5,4.333333333
Hunyuan,A fox lying on a couch and watching television with a coffee cup in his hand,4,5,4,4,5,5,5,5,5,5,5,5
Hunyuan,A fox on a maple leaf with tail draped over the edges,5,0,5,5,4.333333333,4,5,5,4,4,5,4
Hunyuan,A fox taking a photograph using a DSLR,5,0,5,5,4.666666667,4,5,4,4,4,5,4.666666667
Hunyuan,A fox wearing a tailored suit and a tie,4.666666667,5,0,4.666666667,4.333333333,4.666666667,4.666666667,5,4.666666667,4.666666667,5,4.666666667
Hunyuan,"A fox with a bushy, crescent-shaped tail and pointed ears",5,4.666666667,0,4.666666667,5,4.666666667,5,5,5,5,5,4.666666667
Hunyuan,"A fox with nine tails, each of which is made of metal",5,3,0,4,4.666666667,4.666666667,5,5,4.666666667,5,5,4
Hunyuan,A frog inside a refrigerator full of fruits and vegetables,4,5,4.666666667,4,4.666666667,4,4,5,4,4,5,4
Hunyuan,A frog on a lily pad,5,0,5,5,5,4.666666667,5,5,5,5,5,4.333333333
Hunyuan,A frog with a mechanical heart,4.666666667,4.333333333,0,4.5,5,4.333333333,5,5,4.666666667,4.333333333,5,4
Hunyuan,A fruit basket filled with apples and oranges on a table,3,5,2,3,5,4,5,4.666666667,4,4,5,4
Hunyuan,A fruit basket holding apples,5,0,5,5,5,4,5,5,4,4,5,4.666666667
Hunyuan,A fruit basket on a table,3,0,2.333333333,2.333333333,5,4,5,5,4.666666667,4.666666667,5,4
Hunyuan,A gaming console with a gray plastic shell and red buttons,4.333333333,4.333333333,0,4,4.666666667,4,5,5,5,4,5,4
Hunyuan,A giant ant standing on a blue crystal ball,5,5,5,5,5,4,5,5,5,4,5,4
Hunyuan,A goat drinking beer,5,0,4.333333333,4.333333333,5,4,4,5,5,4,5,4
Hunyuan,A gold necklace lying on a wooden table next to a pair of earrings,2.666666667,4,2.666666667,2.666666667,5,4,5,5,5,4.333333333,5,4
Hunyuan,A gold necklace with a circular pendant,5,5,0,5,5,4,4.666666667,5,5,4,5,4.333333333
Hunyuan,A golden croissant with a flaky layer of butter and a smooth finish,4.333333333,4,0,4,5,5,4.666666667,5,4,4.666666667,5,4
Hunyuan,A golden motorcycle,5,5,0,5,5,4.666666667,5,5,5,5,5,4.333333333
Hunyuan,A golden ring with a miniature castle built atop the band,5,5,0,5,5,4.666666667,5,5,5,5,5,5
Hunyuan,A goldfish on a guitar,5,0,4,4,4.666666667,4,5,4,4,4,4,4
Hunyuan,A gray car shaped like a toast,5,3.666666667,0,3.666666667,5,4.666666667,5,5,5,5,5,4.333333333
Hunyuan,A gray cotton t-shirt with a printed logo,5,5,0,5,5,5,5,5,5,5,5,4.666666667
Hunyuan,A gray dog licking an ice cream cone,5,5,5,5,5,5,5,5,5,5,5,5
Hunyuan,A gray elephant with a long trunk,5,4,0,4.333333333,4.666666667,4.333333333,5,5,5,4.666666667,5,4
Hunyuan,A gray horse with a long mane and wrinkled skin,5,4.666666667,0,4.666666667,4.666666667,4,5,5,5,4.333333333,5,5
Hunyuan,A gray knife shaped like a leaf,5,5,0,5,5,5,5,5,5,5,5,5
Hunyuan,A gray skyscraper with rectangular windows,5,4.666666667,0,4.666666667,4,4,5,5,5,4.333333333,5,4
Hunyuan,A gray submarine resembling a giant fish,5,5,0,5,4,4,5,4.666666667,4,4,5,4
Hunyuan,A gray wrench,5,5,0,5,5,5,5,5,5,5,5,5
Hunyuan,A green bowl with a wide rim and a ceramic texture,4.666666667,3.666666667,0,4,4,3.333333333,5,5,4.666666667,4,5,4
Hunyuan,A green cactus in a clay pot,5,5,5,5,5,5,5,5,5,5,5,5
Hunyuan,A green cactus with sharp spines,5,5,0,5,4.666666667,4,5,4.666666667,4.666666667,4,5,5
Hunyuan,A green flute with a cylindrical shape and finger holes,4,5,0,4,4.333333333,4,5,5,5,5,4.666666667,4
Hunyuan,A phoenix with a long beak and wings shaped like a flame fan,5,5,0,5,4.666666667,4,5,5,4.666666667,4.666666667,5,4.333333333
Hunyuan,A phoenix with golden feathers,5,5,0,5,3.333333333,4.666666667,5,3,4.333333333,4,5,4
Hunyuan,A piano with keys that sparkle like crushed diamonds,5,2,0,3.333333333,5,4,5,5,5,5,5,4
Hunyuan,A pig playing a drum set,5,0,5,5,4.333333333,4,3,4,4.666666667,4,4,3
Hunyuan,A pigeon reading a book,5,0,5,5,4.666666667,4,5,5,5,4,5,5
Hunyuan,A pile of burning firewood in a refrigerator with the door open,5,3.666666667,5,4,5,5,5,5,5,5,5,4.333333333
Hunyuan,"A pine tree with a tall, conical form",4,4,0,4,3,4,4.666666667,4,2.333333333,3,5,3.666666667
Hunyuan,A pink boat,5,4.666666667,0,5,5,4.666666667,4.666666667,5,5,5,5,4.666666667
Hunyuan,A pink cherry blossom with a slender branch,3,5,0,3.333333333,4.333333333,4.666666667,5,5,4.666666667,5,5,4
Hunyuan,A pink desk lamp shaped like a trumpet flower,5,5,0,5,5,4,5,5,5,4.666666667,5,5
Hunyuan,A pink pig with a curly tail,5,5,0,5,5,4,5,5,5,4.333333333,5,4.666666667
Hunyuan,A pink rose with a ruby in the center,5,3,0,4,5,4.666666667,5,5,5,5,5,4.666666667
Hunyuan,A pink shark,4.333333333,5,0,4.333333333,4.666666667,4,5,5,5,4.333333333,5,4
Hunyuan,A pink smartwatch with a square face and a silicone band,5,5,0,5,5,4,5,5,5,5,5,4.333333333
Hunyuan,A pink vase filled with white lilies,5,5,0,5,4.333333333,4,5,5,4.333333333,4,5,4.666666667
Hunyuan,A pirate digging for treasure with a rusty shovel,5,4,5,4.333333333,5,4,5,5,4.333333333,4,5,4.666666667
Hunyuan,A pizza placed beside a fresh salad,4,3.333333333,4.666666667,4,5,4.666666667,5,5,5,5,5,4.333333333
Hunyuan,A plant with rainbow leaves in a clay pot,5,5,5,5,5,4.666666667,5,5,5,5,5,5
Hunyuan,A pot shaped like a lotus leaf with a golden pattern on the surface,5,5,0,5,4,4,5,4.666666667,3.666666667,4,5,4.333333333
Hunyuan,A pottery bowl with hand-painted flowers,5,5,0,5,5,4,5,5,5,5,5,5
Hunyuan,A purple shirt with a square collar and buttoned front,5,5,0,5,5,4,5,5,5,5,5,5
Hunyuan,A pyramidal bottle with glowing liquid,5,5,0,5,5,5,5,5,5,5,5,5
Hunyuan,A rabbit chewing a shoe,5,0,4.666666667,4.333333333,5,4.333333333,5,5,5,5,5,4.333333333
Hunyuan,A rabbit kissing a fox,5,0,5,5,5,4,5,5,5,4.333333333,5,4.666666667
Hunyuan,A rabbit pirate casting a spell with a magic wand,5,0,5,5,5,5,5,5,5,5,5,5
Hunyuan,A rabbit wearing a dress,5,5,0,5,5,4,5,5,4.666666667,4.666666667,5,5
Hunyuan,A raccoon detective on a rainbow bridge,3,1,2,2.333333333,5,5,5,5,5,5,5,4
Hunyuan,A raccoon holding a goblet that shimmers with a rainbow of colors,5,5,5,5,4.666666667,4,4,5,4,4,5,5
Hunyuan,A raccoon nibbling on a fallen walnut with paws holding the nut,4,0,4,4,5,4.666666667,4.666666667,5,4.666666667,4.666666667,5,4
Hunyuan,A raccoon under a cable car with tail curling around the handle,4.333333333,0,2,2,4.666666667,4,3.333333333,5,5,4,5,3.333333333
Hunyuan,A raccoon wearing a helmet piloting an airplane,5,5,5,5,5,5,5,5,5,5,5,4.666666667
Hunyuan,A raccoon wearing a white chef's hat and red apron with floral patterns,5,5,0,5,5,4,5,5,5,5,5,5
Hunyuan,A rainbow-colored rabbit with protruding front teeth,5,5,0,5,5,4.333333333,5,5,5,5,5,5
Hunyuan,A rectangular belt with a flat buckle and evenly spaced holes,5,4,0,4,5,4,5,4.666666667,5,5,5,4
Hunyuan,A rectangular car,5,3,0,4,5,5,5,5,5,5,5,4.666666667
Hunyuan,A rectangular wooden bookshelf,5,5,0,5,5,4,5,5,5,5,5,5
Hunyuan,A rectangular wrench with red patterns and hieroglyphic engravings,4,5,0,4,5,5,5,5,5,5,5,5
Hunyuan,A red armchair with padded armrests,5,5,0,5,5,4,5,5,5,4.666666667,5,4
Hunyuan,A red coffee mug on a table,3,4.333333333,2,3,4.666666667,4.333333333,5,5,5,4.666666667,5,3.333333333
Hunyuan,A red drum with a wooden and cylindrical body,5,5,0,5,5,5,5,5,5,5,5,4.666666667
Hunyuan,A red house shaped like an apple,2,4.666666667,0,3,5,4,5,4.666666667,5,5,4,4
Hunyuan,A red tiger with a wicker tail,5,5,0,5,5,4,5,5,4.333333333,4,4.333333333,4
Hunyuan,A robot dog below a glowing spaceship,3,3,2.333333333,2.333333333,5,4.666666667,4,4,4.666666667,4.333333333,5,4
Hunyuan,A rocking chair made of amber with cloud-like foam cushions,5,4,0,4,5,4,4.666666667,5,4.666666667,4,5,4
Hunyuan,A rose with petals of frosted crystal and a stem wrapped in green vines,4.333333333,2,0,3,4.666666667,3.666666667,5,5,5,4.333333333,5,3
Hunyuan,"A round, red apple with a brown stem and green leaves",5,4.333333333,0,4.333333333,5,4,5,5,5,5,5,4
Hunyuan,"A round chair with a cushioned seat, and carved spirals on the body",5,4,0,4,5,5,5,5,4,5,5,5
Hunyuan,A round green plate like a water lily,4.666666667,4.666666667,0,4.666666667,5,4.666666667,4,5,4.666666667,4.666666667,4.666666667,4
Hunyuan,A round pizza,5,5,0,5,5,4,4.666666667,5,5,4.333333333,5,5
Hunyuan,A round sunflower,4.666666667,4.666666667,0,4.333333333,5,4,5,4.666666667,4.333333333,5,5,4
Hunyuan,A round teapot of rainbow colors,5,5,0,5,5,5,5,5,5,5,5,5
Hunyuan,A ruler and a pencil,3,0,0,3,5,4.333333333,5,5,5,5,5,4
Hunyuan,A shark with a crown is holding a trident,5,5,5,5,5,4,5,5,4,4.333333333,5,5
Hunyuan,A sheep wearing a dress made of glowing leaves,5,5,0,5,5,4,4,5,4,4,5,4.666666667
Hunyuan,A sheep wearing a hoodie decorated with colorful flowers and green leaves,5,5,0,5,5,4.666666667,5,5,5,5,5,4.333333333
Hunyuan,A shoe next to a sock,5,0,5,5,5,5,5,5,5,5,5,4.666666667
Hunyuan,A shoe with a body shaped like a fish,4.333333333,2.333333333,0,3,5,5,5,5,5,5,4.666666667,3.666666667
Hunyuan,A short and dense fern with leaves shaped like feathers,5,4.666666667,0,5,5,4.666666667,4,5,4.666666667,4,5,4.333333333
Hunyuan,A short brush with gold bristles,5,5,0,5,5,4,4,5,4.666666667,4.333333333,5,4.666666667
Hunyuan,"A short mushroom with a thick, rounded cap and a narrow stem",5,4,0,4,4.666666667,4,5,5,5,5,5,4.666666667
Hunyuan,A silver circular ring with a gem,4.666666667,5,0,5,5,4.666666667,4.666666667,5,5,5,5,4.666666667
Hunyuan,"A silver scissors with rubber handles, and a screw joint",5,4,0,4,5,4,5,5,5,4.666666667,5,4
Hunyuan,A skeleton knight sitting on a throne whose armrests are adorned with intricate carvings,5,3.666666667,5,4.333333333,5,4,5,5,5,4.666666667,5,4.666666667
Hunyuan,A skirt made of scales with a hem shaped like a mermaid's tail,5,4,0,4,4.666666667,4,5,4.666666667,4.333333333,4,5,4.333333333
Hunyuan,A slender palm tree with fan-shaped leaves and curved branches,5,4,0,4,5,4,5,4.666666667,5,5,5,4.333333333
Hunyuan,"A small, oval-shaped fish with a flat body and triangular fins",5,3.333333333,0,4,5,4,5,5,5,5,5,4
Hunyuan,A small wooden ship inside a porcelain cup,3.333333333,3.333333333,3,3,5,4,5,5,5,4.333333333,5,4
Hunyuan,A snail with a shell made of smooth jade,4.666666667,5,0,5,5,4.333333333,5,5,5,4.333333333,5,5
Hunyuan,A snake shaped like a long tube,5,3.666666667,0,4,4,3.333333333,4,5,4,4,4.666666667,4
Hunyuan,A snake with legs,5,1.333333333,0,3,4.666666667,3.666666667,3.666666667,4.333333333,5,4,4,3
Hunyuan,A sneaker with blue stripes on the surface,5,4.666666667,0,4.666666667,5,5,5,5,5,5,5,5
Hunyuan,A sparrow building a nest on the house with branches and leaves,3.666666667,4.666666667,3,3.666666667,4.333333333,4,5,4.666666667,4,4,5,4.5
Hunyuan,A spiked dragon,4,4.333333333,0,4,4,4,2.333333333,4,4,3.333333333,5,3.333333333
Hunyuan,A spiky green iguana with a long tail and a row of spines along its back,5,5,0,5,4.666666667,4,5,4,5,4.333333333,5,5
Hunyuan,A spiky lizard with jagged wings and uneven scales on its body,5,3.333333333,0,3.666666667,4.666666667,4,4.666666667,5,4.666666667,4,5,3.666666667
Hunyuan,A spoon in a bowl,5,0,4,4.666666667,5,4,5,5,5,4.666666667,5,4.666666667
Hunyuan,"A spruce tree with sharp, triangular needles and a slightly curved trunk",4,2,0,2.333333333,3.333333333,4,4,4,4,4,4.666666667,2.666666667
Hunyuan,A square camera,5,5,0,5,5,5,5,5,5,5,5,5
Hunyuan,A square mirror surrounded by blooming flowers,3,3,0,3,4,3.333333333,4,4,4,4,3.333333333,2.666666667
Hunyuan,A squirrel eating a donut,5,0,5,5,5,4,5,4,4.333333333,4.333333333,4,4
Hunyuan,A squirrel jumping from a tree with an acorn in its mouth,3,3,2,2,5,4.666666667,5,5,5,5,5,4
Hunyuan,A squirrel wearing a tuxedo and holding a conductor's baton,5,5,5,5,5,4.666666667,5,5,5,5,5,5
Hunyuan,A starfish inside a seashell,4,0,4.333333333,4,5,4,4,4.666666667,4.666666667,4,4.666666667,4
Hunyuan,A steak and potatoes,5,0,0,5,5,4,5,4.333333333,4.666666667,4.666666667,5,5
Hunyuan,A steaming basket full of dumplings,5,5,0,5,4.333333333,4,5,5,5,4,5,4
Hunyuan,A stone arched bridge with a hole on the surface,5,5,0,5,5,4,5,5,4.666666667,5,5,5
Hunyuan,A stone castle,5,5,0,5,5,4.666666667,5,5,4.666666667,5,5,5
Hunyuan,A stool below a table,3,0,2,2,5,5,5,5,5,5,5,4
Hunyuan,A stool with legs like an elephant's leg and a seat like a mushroom top,5,2,0,2.333333333,5,5,5,5,5,5,5,4
Hunyuan,"A striped tiger with orange fur, black stripes, and green eyes",5,4,0,4.333333333,5,4.666666667,5,4.333333333,5,4.666666667,5,4.333333333
Hunyuan,A sunflower next to a rose,3,0,2,2,5,5,5,5,4.666666667,5,5,4
Hunyuan,"A sunflower with a circular head, slender petals and dense foliage",5,5,0,5,5,4.666666667,5,5,4.333333333,5,5,5
Hunyuan,A sunflower with a diamond center,5,5,0,5,5,5,5,5,5,5,5,5
Hunyuan,A sunflower with metallic petals and a brown clock face in the middle,1,2,0,2,5,4.666666667,5,4,5,4.666666667,4,2
Hunyuan,A sunflower with yellow petals and a dark brown center,5,5,0,5,5,5,5,5,5,5,5,4.666666667
Hunyuan,A swan inside a crystal,4,0,4,4,4.666666667,4,5,5,4.666666667,4.333333333,5,3.666666667
Hunyuan,A symmetrical bridge,2,4,0,2.333333333,4,4,4,4,4,4,4,3.666666667
Hunyuan,A symmetrical dragonfly with wings made of light-colored glass,5,5,0,5,5,4.666666667,5,4.333333333,5,4.666666667,5,5
Hunyuan,A table with a top like a leaf and legs like branches,4.666666667,3,0,4,4,3.333333333,4.333333333,4.666666667,5,4,4.666666667,3.333333333
Hunyuan,A tall brown-furred giraffe,4.666666667,4.666666667,0,4.666666667,5,4.666666667,5,5,5,5,4.666666667,4.666666667
Hunyuan,A teddy bear with a red bow,4,5,0,5,5,4,5,5,5,4.333333333,5,4
Hunyuan,"A television, decorated with gold and inlaid with jewels",5,5,0,5,5,5,5,5,5,5,3,4
Hunyuan,A tiger dressed as a doctor,5,5,0,5,5,5,5,5,5,5,5,4
Hunyuan,A tiger driving a car,5,0,5,5,5,4,4,4.666666667,4.666666667,4.333333333,5,4
Hunyuan,A tiger outside a house,4.666666667,0,4.666666667,4.666666667,5,4,4,5,4.333333333,4.333333333,5,4
Hunyuan,A tiger warrior next to a stone castle,3,1,2.666666667,2.333333333,4,4,5,5,4.666666667,4,5,3
Hunyuan,A tiny shark wearing a racing driver's suit and a helmet on its head,4,5,0,4,5,5,5,5,5,5,4,4
Hunyuan,A tortoise with a shell that looks like stained glass,5,5,0,5,5,5,5,5,5,5,5,4.666666667
Hunyuan,A tower with a pointed top,5,5,0,5,5,4.666666667,5,5,5,5,5,5
Hunyuan,A tree with silver bark,4.666666667,3.333333333,0,4,4,4,5,4,4,4,4.666666667,4
Hunyuan,A truck hauling a box,5,0,3.333333333,4,5,4.333333333,5,5,5,4.666666667,5,4
Hunyuan,A vintage rocking chair with curved arms and a woven cane seat,5,3,0,4,4.666666667,4,5,5,5,5,5,4.333333333
Hunyuan,A watermelon with golden and silver stripes,4,4.333333333,0,4,5,4,4,4,5,4,5,4.333333333
Hunyuan,A whale inside a bag,5,0,4.666666667,4.666666667,4.666666667,4,5,5,5,4.333333333,5,4.5
Hunyuan,A white ceramic vase with floral motifs,5,5,0,5,5,4,5,4,5,4.666666667,5,4
Hunyuan,A white dog with wings,5,5,0,5,4.333333333,4,4,4,4,4,5,4
Hunyuan,"A white headphones with soft, padded ear cups and a black headband",5,5,0,5,5,4.333333333,5,5,5,5,5,4.666666667
Hunyuan,A white milk carton with a yellow logo,5,5,0,5,5,4,5,5,5,5,5,5
Hunyuan,A white rabbit nibbling on a carrot,5,5,4.666666667,4.666666667,5,4,5,5,5,4.333333333,5,4
Hunyuan,A white rabbit with round ears,5,3,0,4,4.666666667,4,4.666666667,4,5,4,4,3.666666667
Hunyuan,A white scarf with fringed edges,4,4,0,4,4.666666667,4,4,5,4,4,5,4
Hunyuan,A wide hat,5,5,0,5,4.666666667,3.666666667,4,5,5,4,5,4.666666667
Hunyuan,A wide-brimmed straw hat with a black ribbon and a woven texture,5,4.666666667,0,4.666666667,5,4,4,5,4,4.333333333,5,4.333333333
Hunyuan,A willow tree with silvery branches and a slender trunk,5,4,0,4,5,4,5,4,4,4.333333333,5,4.333333333
Hunyuan,A wooden apple above a brass plate,5,5,5,5,5,4,5,5,4.333333333,4,5,4.333333333
Hunyuan,A wooden chair with a cushioned seat placed next to a round table,3,3,2.666666667,2.666666667,5,5,5,5,5,5,5,4
Hunyuan,A wooden desk with square drawers,5,5,0,5,5,4.333333333,5,5,5,5,5,4.666666667
Hunyuan,A wooden dining table with cylindrical legs,5,4,0,4.333333333,5,4.666666667,5,5,5,5,5,4.333333333
Hunyuan,A wooden guitar with a curved body and metal strings,5,5,0,5,5,5,5,5,5,5,5,4.666666667
Hunyuan,A wooden house,5,5,0,5,5,4.333333333,5,5,4.333333333,5,5,5
Hunyuan,A wooden violin,5,5,0,5,5,4.666666667,5,5,5,5,5,4.666666667
Hunyuan,A yellow banana with brown spots,4.333333333,4,0,4,4,3.333333333,5,5,5,4,5,4.333333333
Hunyuan,A yellow canary with a pointed beak and a copper crest on its head,4.333333333,3.333333333,0,3.666666667,5,4.333333333,5,4.666666667,4.666666667,5,4.333333333,3.333333333
Hunyuan,An apple next to a banana,5,0,5,5,5,5,4.333333333,4.666666667,5,4.666666667,5,4.333333333
Hunyuan,An earring designed as miniature chandeliers adorned with crystals,4,5,0,4,5,5,5,5,5,5,5,5
Hunyuan,An octopus playing the piano,5,0,5,5,4,4,5,5,4.666666667,4,5,4.333333333
Hunyuan,"An office building with a flat roof, and evenly spaced windows",5,2,0,3,5,4,5,5,5,5,5,3.333333333
Hunyuan,An olive-shaped metal leaf,5,5,0,5,5,5,5,5,5,5,5,5
Hunyuan,An orange cat with a long tail,5,5,0,5,5,5,5,5,5,5,5,4.666666667
Hunyuan,An orange square chimney,4,5,0,4,5,4.666666667,5,5,5,5,5,4
Hunyuan,"An oval-shaped hummingbird with thin legs, and a pointed beak",5,5,0,5,4.666666667,3.333333333,5,5,5,4,4.666666667,4
Hunyuan,An owl on a boat,5,0,5,5,5,5,5,4.666666667,4.666666667,4.666666667,5,5
Hunyuan,An umbrella with a curved handle,5,5,0,5,5,5,5,5,5,5,5,5
Hunyuan,Several quadrangle stars on the surface of a coffee cup,5,1.666666667,0,2,5,5,5,5,5,5,5,4
LGM,A asymmetrical flower,2,3.666666667,0,2,3,3,2.333333333,3.666666667,3,2,4,2
LGM,A baby dragon leaning against a wolf knight,2.666666667,0,2,2,3,2.333333333,3,3,3,2.333333333,3,2
LGM,A badge shaped like a shield,4.666666667,5,0,4.666666667,4,3.333333333,4.666666667,4,4,4,5,3.666666667
LGM,A bag with a body shaped like a giant seashell,4,2,0,3,3.666666667,3.333333333,4.666666667,4,3.666666667,3.666666667,4.666666667,3
LGM,A bat with fan-shaped ears and black wings with pink polka dots,2.666666667,2,0,2,3,3,3,3.666666667,3,2.666666667,3.333333333,1.666666667
LGM,A beagle in a detective's outfit,4,2.666666667,0,3,3,3,4,3,3,3,4.666666667,2.666666667
LGM,A bear reading the newspaper,2.333333333,0,2,2,2,2,1.666666667,3,3,1.666666667,2,2
LGM,A bee above a flower made of red silk,2,2,1,2,1,1,1,1,1,1,2.333333333,1.333333333
LGM,A bicycle crafted from bones of mythical creatures,1.333333333,1.666666667,0,1.333333333,2,2.333333333,2,3,3,2,3.666666667,2
LGM,A bird on a branch,2,0,1,1.333333333,1.333333333,1.333333333,3,2,2.333333333,1.333333333,3,2
LGM,A bird pecking at a shiny necklace on a table,1,1,1,1,1,1,1,1,1,1,1,1
LGM,A bird with a pointed beak,4,4,0,4,3,3,3,4,3,3,4.333333333,3.333333333
LGM,A bird with rainbow feathers,1.333333333,3.333333333,0,2,2.666666667,3,2.333333333,3,3,2,1,1
LGM,A black bicycle with a curved handlebar,4,4,0,4,3,2.666666667,2.333333333,2,3,2.333333333,2,3
LGM,A black camera,4,4,0,4,3,3,3,3,3,2.666666667,5,3
LGM,A black cat,2,4,0,3,3,2,3,3.333333333,3,2,4,1.666666667
LGM,A black cat knocking over a glass with its paw extended,1.666666667,2,1,1.333333333,2,2,2.666666667,3,3,2,3,2
LGM,A black cat sitting on a soft cushion,4,4,4,4,3,3,3,3.333333333,3,3,3.666666667,3
LGM,A black leather jacket with silver zippers,3,2.333333333,0,2.333333333,2.333333333,2.666666667,2.333333333,2.333333333,3,2,2,2
LGM,A black motorcycle with rearview mirror,3.666666667,3.333333333,0,3,2,2,2.333333333,2,3.333333333,2,3.333333333,2
LGM,A black panther with slender claws and yellow eyes,2,2.333333333,0,2,2.333333333,2,1,2,2.666666667,1.666666667,2,2
LGM,A black tall hat with a yellow ribbon,2,4,0,3,3.666666667,3,3,3.666666667,3,3,4.333333333,3
LGM,A blue backpack with a red printed pattern and transparent pockets on the side,4,2,0,2.333333333,3,3,2,3.333333333,3.333333333,3,4,3
LGM,A blue butterfly on a pink flower,3,3.333333333,3,3.333333333,3,3,3,3,3,3,2.666666667,2.666666667
LGM,A blue denim jacket draped over a chair,2,4,2,2.333333333,3,3,3,3,3,3,2,1.666666667
LGM,A blue ottoman with a padded top,4.333333333,4,0,4,3.666666667,4,3.333333333,4,3,3.333333333,5,3.333333333
LGM,A blue parrot perching on a tree branch,1,1,1,1,1,1,1,1,1,1,1,1
LGM,A blue parrot with white feathers and a yellow beak,4,4,0,4,3,3,3.333333333,3,3,3,4,2.666666667
LGM,A blue scarf,3,4,0,3.666666667,3,3,3.333333333,3,3,3,4,2.666666667
LGM,A bonsai with metal leaves,4,3,0,3.333333333,2.333333333,2,2,3,3,2,4,2.333333333
LGM,A bright yellow rubber duck floats in a sudsy bathtub,2.333333333,2.333333333,2,2,3,3,3,2,3,2,3,2
LGM,A bright yellow school bus with black tires and a stop sign,4,3.333333333,0,3.333333333,3,3,2.666666667,2,3.666666667,2,2.333333333,2
LGM,A bronze statue,4,4,0,4,3,3,3,4,3,3,4.333333333,3
LGM,A brown bear playing with a ball of yarn,4.666666667,5,5,4.666666667,4,4,4,4,3.333333333,4,4,4
LGM,"A brown bear with black eyes and thick, shaggy fur",2.666666667,3.666666667,0,2.666666667,3,3,2,3,3,2,4,2
LGM,A brown dog,4,5,0,4.333333333,3.333333333,2.666666667,4,4,3,3,4,3
LGM,A brown fox wearing a hat,4,4,0,4,3,3,4,3,3,3,3,2.333333333
LGM,A brown horse standing near a cow,2.333333333,4,2.333333333,2.333333333,3,2.333333333,2.333333333,2,3,2,2,2
LGM,A brown sweater with a snowflake pattern,5,4,0,4,3,4,3,4,3,4,5,3
LGM,"A bulky elephant with a cylindrical trunk and thick, pillar-like legs",4,4.666666667,0,4,3,3.666666667,3.333333333,3.333333333,3,3,4,3
LGM,A bush with green leaves covered with golden gemstones,3,3,0,3,3.666666667,3.333333333,4,3.666666667,3,3,5,3
LGM,A butterfly landing on a wide-brimmed hat placed on a chair,2,1.666666667,1.666666667,2,2,2,2,3,2.666666667,1.666666667,2,1.666666667
LGM,A butterfly on a flower,3,0,2,2,3,3,4,3,3,3.333333333,4,2.333333333
LGM,A butterfly with blue and white pattern inside an iron oven,1.666666667,1.666666667,1,1.666666667,2,2,2,1.666666667,2,1.333333333,1.333333333,1.333333333
LGM,A butterfly with vibrant wings resting on a blooming sunflower,3,2,2,2.333333333,3,3,3,3,3,3,4,1.666666667
LGM,A butterfly with wings made of stained glass,4.333333333,4,0,4,4,4,5,4,4,4,5,4
LGM,A cactus with a spiral pattern on its surface and covered with glittering golden spines,2.333333333,2,0,2,3,3,4,3,3,3,4,2
LGM,A cactus with arms of different lengths shaped like a candelabra,4.333333333,4,0,4,2.666666667,3,2.333333333,2,4,3,4,2
LGM,A cactus with red flowers,3,5,0,4,3,3,3,4,3,3,4,2.666666667
LGM,A cake on a ceramic plate,2,1.333333333,2.333333333,2,2,2,3,3,3,2,3.333333333,2
LGM,A car parked next to a red bicycle,2.333333333,0,2,2,3,3,2.666666667,1.666666667,2.666666667,2,2,2
LGM,A car shaped like sushi,2.666666667,3,0,3,2,1.666666667,2,2,3,1.333333333,3,2
LGM,A car with square wheels,1,1,0,1,3,4,5,4.666666667,3,3,4.666666667,2
LGM,A castle with a rainbow-colored exterior and hieroglyphs written all over it,1,2,0,1,2,2,1,2,2.333333333,1.333333333,1,1
LGM,"A cat, one eye missing",1.666666667,1,0,1,2.666666667,2.333333333,1,3.333333333,3,1,3,1
LGM,A cat below a chair,1,0,1,1,1,1,1,1,1,1,1,1
LGM,A cat curling up on a bicycle with tail batting at the seat,2,0,1,2,2,2,1.333333333,2,2.333333333,1.333333333,1,1
LGM,A cat pawing at a toy,2,0,1.333333333,2,2.333333333,2.333333333,3,2.666666667,2.333333333,1.666666667,2,2.333333333
LGM,A cat with two different colored eyes,2,1.666666667,0,1.666666667,3,3,1,2.666666667,3,2,2.333333333,2
LGM,A cat with wings,2.333333333,4,0,3,2.333333333,2,3,3,3,2.333333333,3,2
LGM,A cat wizard wearing a magic hat,4,4.333333333,0,4,3,3,4,3.666666667,3,3.333333333,4,3
LGM,A chair with a seat shaped like a giant leaf,2,2.333333333,0,2,3,3,1.666666667,2.666666667,3,2,4,2
LGM,A chair with legs made of vines and a gradient seat that changes from purple to red,2.666666667,2.666666667,0,2.666666667,3,2,2,2.333333333,3,2,3.333333333,2
LGM,A cherry blossom tree with pink petals and gray branches,1,1,0,1,1,1,1,1,1,1,1,1
LGM,A chimpanzee carrying a backpack,3,0,3,3.333333333,2.333333333,2,2.666666667,2.666666667,2.333333333,2,2,2
LGM,A church with a tall steeple located near a modern house with large windows,1.333333333,1.333333333,1.333333333,1.333333333,2,2,1.666666667,3.333333333,3,1.666666667,3.5,2
LGM,A circular white clock,4.666666667,5,0,4.666666667,3,3.666666667,4.666666667,4,3.666666667,3.666666667,5,4
LGM,"A clay vase with a round base, and a floral pattern",4.666666667,4,0,4,4,4,5,4,3.666666667,4,5,4
LGM,A collection of fresh vegetables arranged in a wicker basket,3,3,4.333333333,3,3,2.666666667,2,3.666666667,3,2,4,3
LGM,A colored mushroom growing on a log,1.666666667,1.666666667,1.666666667,1.666666667,2.333333333,2.333333333,2.666666667,2.666666667,3,2,1,1
LGM,A colorful dragonfly on a desk with wings opening,2,3,2,2,3,3,2.333333333,2,3,2,3,2
LGM,"A colorful fruit salad with sliced strawberries, and blueberries",2.333333333,4,0,2.333333333,2,2,2,4,3,2,3,2.666666667
LGM,A colorful ladybug in a glass bottle,4,4,5,4,3,3,3,4,3,3,3,3
LGM,A conical castle tower with a pointed roof and arched windows,4,4,0,4,3,3,3,4,3,3,4.333333333,3
LGM,A conical tower,2,4,0,3,2.666666667,2.666666667,3,4,3,3,5,3
LGM,A corgi dog lying on a sofa with head resting on a cushion,2,0,1.333333333,1.333333333,3,3,2,3.333333333,3,2,3.333333333,2
LGM,A crocodile below a table,1.333333333,0,1.333333333,1.333333333,2,2,1.666666667,3,3,1.333333333,2,1.666666667
LGM,A crystal key hanging on a metal hook,3.333333333,2,3.333333333,3,3.333333333,3.333333333,5,3.666666667,4,3.333333333,4,2
LGM,A cup full of colorful pens and pencils,3.333333333,3.333333333,0,3.333333333,3,2.333333333,2,3.333333333,3,2,4,3.5
LGM,A curved brush,1,1,0,1,1,1,1,1,1,1,1,1
LGM,A cylindrical chair,1.666666667,1,0,1.333333333,3,3,2,3.333333333,3.666666667,2,3.333333333,2
LGM,A deer standing near the ruins of a stone castle with ears perking up,1,1,1,1,1,1,1,1,1,1,1,1
LGM,A deer with antlers of various sizes in the shape of branches,3,4,0,4,2.333333333,2,3,3,3,2,4,1.666666667
LGM,A delicate porcelain teacup painted with flowers rests on a saucer,4,4,4,4,3,3,3,3.666666667,3,3,4,3
LGM,A delicious sandwich next to a pile of crispy,2,0,1.666666667,1.666666667,3,3,2.333333333,3,3,2.666666667,3,2
LGM,A dog barking at a cat,2,0,1,1.666666667,2.666666667,2,2.666666667,2.333333333,3,2,3,2.333333333
LGM,A dog eating a piece of bread on the table with tail raising,2.333333333,1,1.666666667,2,3,3,2.333333333,3,3,2.333333333,4,3
LGM,A dog sitting next to a white cat,1,1,1,1,1,1,1,1,1,1,1,1
LGM,A dog wearing extremely cool sneakers,1.666666667,2.333333333,0,2,2.333333333,2,2,3,2.333333333,2,2.333333333,1.666666667
LGM,A dog with a beard and ears shaped like butterfly wings,2.666666667,3.333333333,0,3,2.333333333,2.333333333,4,3,3,2.333333333,4,2
LGM,A dragon curled up on a floating sofa with tail wrapped around a cushion,1,0,1,1,2,2,2,2,2.333333333,1.333333333,3,1.666666667
LGM,A dragon holding a staff wrapped in glowing vines with a crown on his head,2,1.666666667,1.333333333,1.333333333,2,2,3,3,2.333333333,2,3,2
LGM,A dragon with metallic scales,1,1,0,1,2,2,2,2.333333333,3,1.333333333,4,2
LGM,A dragonfly in a water tank,1,0,1,1,1,1,1,1,1,1,1,1
LGM,A drone with balanced propellers,2.333333333,2,0,2,2.333333333,2,1.333333333,2,2.333333333,1.333333333,4,2
LGM,A duck chasing a toy boat,1,1,1,1,1,1,1,1,1,1,1,1
LGM,A fat owl wearing a black gown,3.333333333,3,0,3.333333333,3,2.333333333,3,3.666666667,3,2.333333333,4,3
LGM,A fat penguin,4,5,0,4,3,2.666666667,3,4,3,3,5,3
LGM,A fat wolf with pink fur,2.333333333,4,0,3,3,3,4,3.666666667,3,3,3.666666667,3
LGM,A fish with deep black scales speckled with stars,1,1,0,1,1,1,1,1,1,1,1,1
LGM,A fish-shaped shoe,1,1,0,1,1,1,1,1,1,1,1,1
LGM,A floral dress hanging on a coat rack,3.333333333,4,3.333333333,3.333333333,3,3.333333333,4,3.333333333,3,3.333333333,4,3.666666667
LGM,A flower on a table,3,0,2,2,3.666666667,3,3.666666667,3.333333333,3,3.333333333,4,2.333333333
LGM,A flower that blooms petals shaped like butterflies,2,2.666666667,0,2,3,2.666666667,2,3.666666667,3.333333333,2,3.666666667,2
LGM,A flower with petals made of soft pink silk,5,4,0,4,4,4,3.333333333,4,4,3.333333333,5,4
LGM,A flower with round copper petals,4,2.333333333,0,3,3,3.333333333,4,3.666666667,3,3.333333333,3.333333333,3.666666667
LGM,A flower with star-shaped petals,3,2,0,2,2.333333333,2.666666667,2.333333333,3,3,2,4,2
LGM,A fluffy cat lying on its back on a couch,1,1,1,1,1,1,1,1,1,1,1,1
LGM,A footballer kicking a ball,3.333333333,0,4,4,2.666666667,3,3,4,3,2.666666667,4,3.333333333
LGM,A fox holding a basketball,2,0,1.666666667,2,3,2,3,2.333333333,3,2,3,3
LGM,A fox lying on a couch and watching television with a coffee cup in his hand,1.666666667,1.333333333,1.333333333,1.666666667,2.333333333,2,2.333333333,3,3,1.666666667,1,2
LGM,A fox on a maple leaf with tail draped over the edges,2.333333333,0,2,2,3,3,4,3,3,3,4,2.333333333
LGM,A fox taking a photograph using a DSLR,3,0,2,2,3,3,3.333333333,2.666666667,3,2.666666667,3,2
LGM,A fox wearing a tailored suit and a tie,4,4,0,3.666666667,2.333333333,3,3,3.666666667,3.333333333,3,4,3
LGM,"A fox with a bushy, crescent-shaped tail and pointed ears",4,4,0,4,3.333333333,3,2.333333333,2,3,2,2.333333333,2
LGM,"A fox with nine tails, each of which is made of metal",2,2,0,1.666666667,3,2,3,2.333333333,3,2,3.333333333,1.666666667
LGM,A frog inside a refrigerator full of fruits and vegetables,2,3,1.333333333,3,3,3,3,3,3,3,3,2.333333333
LGM,A frog on a lily pad,2,0,3,2,2.333333333,2,2,3,3,2,4,2.666666667
LGM,A frog with a mechanical heart,2.333333333,1,0,2,2.333333333,2.333333333,2,3,3,2,3.333333333,2
LGM,A fruit basket filled with apples and oranges on a table,3,3,2,2,3,3,4,3,3.333333333,3,4.333333333,3
LGM,A fruit basket holding apples,3.666666667,0,4,4,3,3,3,3.666666667,3,3,4,3
LGM,A fruit basket on a table,3,0,2,2,3,3,3.333333333,3.666666667,3,3,4.333333333,2.666666667
LGM,A gaming console with a gray plastic shell and red buttons,3.666666667,4,0,4,3,3,4,4,3.333333333,3.333333333,4.666666667,3
LGM,A giant ant standing on a blue crystal ball,3,4,4,3.333333333,3,3,2.333333333,2,3,2,2,2
LGM,A goat drinking beer,2,0,2,2,2,2,2,1.666666667,2,1.333333333,1.666666667,1.333333333
LGM,A gold necklace lying on a wooden table next to a pair of earrings,1,1,1,1,1,1,1,1,1,1,1,1
LGM,A gold necklace with a circular pendant,1,1,0,1,1,1,1,1,1,1,1,1
LGM,A golden croissant with a flaky layer of butter and a smooth finish,3,2,0,2,3,3,2,3.666666667,3,2,4,2
LGM,A golden motorcycle,2.333333333,3,0,3,2,2,3,2,3,1.666666667,3,2
LGM,A golden ring with a miniature castle built atop the band,2,3,0,2.666666667,2.666666667,2,3,2,3,1.666666667,2,2.333333333
LGM,A goldfish on a guitar,2.666666667,0,2,2,3,3,3,4,3.666666667,3,3.666666667,2
LGM,A gray car shaped like a toast,1.666666667,1.666666667,0,1.666666667,2,1.666666667,1.333333333,2.333333333,2.333333333,1,1,1
LGM,A gray cotton t-shirt with a printed logo,5,5,0,5,3,4,3.666666667,4,3,3.666666667,4.333333333,4
LGM,A gray dog licking an ice cream cone,2.333333333,4,2,2,3,2.666666667,3.333333333,3,3,2.333333333,3,2.5
LGM,A gray elephant with a long trunk,4,5,0,4,3,2.333333333,3,3,3,3,5,3
LGM,A gray horse with a long mane and wrinkled skin,3.666666667,3.333333333,0,4,3,3,3,2,3,2,3,2.333333333
LGM,A gray knife shaped like a leaf,2,3.333333333,0,2.333333333,2.666666667,2,2.666666667,3,3,1.666666667,4,2.666666667
LGM,A gray skyscraper with rectangular windows,4,3.666666667,0,3.666666667,3,2.666666667,4,5,3.333333333,2.666666667,4.666666667,2.666666667
LGM,A gray submarine resembling a giant fish,1,1,0,1,3,3,3,2,3,2,1,1
LGM,A gray wrench,4,4.333333333,0,4,3,4,4,3.666666667,4.666666667,4,3,3
LGM,A green bowl with a wide rim and a ceramic texture,4,4,0,4,3,2.666666667,3.666666667,3.333333333,3,2.666666667,5,3
LGM,A green cactus in a clay pot,3.666666667,4,4,3.666666667,3,3,4,3.333333333,3,3,3.333333333,3
LGM,A green cactus with sharp spines,2,2.666666667,0,2.666666667,3,2.333333333,3,4,3,2.333333333,4,2
LGM,A green flute with a cylindrical shape and finger holes,1.666666667,2,0,1.666666667,1,1,1,1,1,1,1,1
LGM,A phoenix with a long beak and wings shaped like a flame fan,1.333333333,1.333333333,0,1.333333333,1,1,1,1,1,1,3.333333333,2
LGM,A phoenix with golden feathers,2.333333333,4,0,3,2.333333333,2,2.333333333,3,3,2,4,2
LGM,A piano with keys that sparkle like crushed diamonds,3,2.333333333,0,2.666666667,3,3,4,3.333333333,3,3.333333333,4,3
LGM,A pig playing a drum set,4,0,4,4,3,3,3,3,3,3,3.333333333,3
LGM,A pigeon reading a book,2,0,2,2,3,2.333333333,2,2.666666667,3,2,3.666666667,2
LGM,A pile of burning firewood in a refrigerator with the door open,1,1,1,1,1,1,1,1,1,1,1,1
LGM,"A pine tree with a tall, conical form",1.333333333,1.333333333,0,1,1,1,1,1,1,1,1,1
LGM,A pink boat,2,4,0,2,3,2.333333333,2.333333333,3,3,2,4,2
LGM,A pink cherry blossom with a slender branch,2,2.333333333,0,2,1,1,1,1,1,1,1,1
LGM,A pink desk lamp shaped like a trumpet flower,3,3.666666667,0,3,3,3.333333333,3.333333333,3,3,3.333333333,4,2.333333333
LGM,A pink pig with a curly tail,4.333333333,3,0,3.333333333,3,3,3.333333333,3.333333333,3,3,5,3
LGM,A pink rose with a ruby in the center,4,3,0,3.333333333,3,3,3.333333333,3,3,3,3.333333333,2.333333333
LGM,A pink shark,2,4,0,2,3,2.333333333,2,3,3,1.666666667,4,2
LGM,A pink smartwatch with a square face and a silicone band,2.333333333,3.333333333,0,3,3,3,2,3,3,2,4,2
LGM,A pink vase filled with white lilies,4,4,0,4,3,3,4,3,3,3,4,3.333333333
LGM,A pirate digging for treasure with a rusty shovel,2,2,2,2,3,2.666666667,3.333333333,3,3,2,3.666666667,2.666666667
LGM,A pizza placed beside a fresh salad,2.666666667,1,2,2,3,3,4,2.333333333,3,2,2,1.666666667
LGM,A plant with rainbow leaves in a clay pot,3.666666667,3.666666667,3.666666667,3.666666667,3,3,4,3,3,3,3,2
LGM,A pot shaped like a lotus leaf with a golden pattern on the surface,2,2.333333333,0,2,3.333333333,3,3.333333333,4,3,3,4,2.666666667
LGM,A pottery bowl with hand-painted flowers,2.333333333,4,0,3,3,3,4,3.666666667,3,3,5,3.333333333
LGM,A purple shirt with a square collar and buttoned front,4.5,4.333333333,0,4.333333333,3,4,4,3.666666667,3,3.333333333,5,4
LGM,A pyramidal bottle with glowing liquid,4.666666667,4,0,4,3,3.666666667,4.666666667,4,3,3.666666667,5,4
LGM,A rabbit chewing a shoe,3,0,2.666666667,2.666666667,3,2.333333333,3,3.666666667,3,3,3,2.333333333
LGM,A rabbit kissing a fox,3,0,3,3,3,2.666666667,3,2.333333333,3,2.333333333,3,2
LGM,A rabbit pirate casting a spell with a magic wand,1.333333333,0,1,1.333333333,2,2,3,2,2.333333333,1.666666667,3,2
LGM,A rabbit wearing a dress,4.666666667,5,0,4.666666667,3.333333333,3.666666667,3.666666667,4,3,3.666666667,5,4
LGM,A raccoon detective on a rainbow bridge,2.666666667,4,2,2,2.333333333,2,2,2.333333333,2.333333333,2,3,2
LGM,A raccoon holding a goblet that shimmers with a rainbow of colors,1,1,1,1,1,1,1,1,1,1,1,1
LGM,A raccoon nibbling on a fallen walnut with paws holding the nut,3,0,2,2,2.333333333,2,2,3,3,1.666666667,4,2.333333333
LGM,A raccoon under a cable car with tail curling around the handle,1,0,1,1,1,1,1,1,1,1,1,1
LGM,A raccoon wearing a helmet piloting an airplane,1,1.666666667,1,1.333333333,2,1.333333333,1.666666667,3,2.333333333,1.333333333,2,2
LGM,A raccoon wearing a white chef's hat and red apron with floral patterns,2.333333333,3,0,3,3,3,2,3.333333333,3,2.333333333,4,2
LGM,A rainbow-colored rabbit with protruding front teeth,4,2,0,2.333333333,3,3.333333333,3,4,3,3,4.333333333,3
LGM,A rectangular belt with a flat buckle and evenly spaced holes,1,1,0,1,1,1,1,1,1,1,1,1
LGM,A rectangular car,2,2,0,1.333333333,2.333333333,2,2,4,2.333333333,2,1,1.333333333
LGM,A rectangular wooden bookshelf,4,4,0,4,3,3,3,3,3,2.666666667,4,2.333333333
LGM,A rectangular wrench with red patterns and hieroglyphic engravings,2,3.333333333,0,2.666666667,4,3.333333333,4,3.333333333,3,3,4,3
LGM,A red armchair with padded armrests,3.333333333,3.333333333,0,3,3,3,2.666666667,2.666666667,3,2,3.666666667,2.333333333
LGM,A red coffee mug on a table,2.666666667,2.333333333,2,2,3,3,2.333333333,3,3,2.333333333,3,2.666666667
LGM,A red drum with a wooden and cylindrical body,2.333333333,4,0,3,3,3,3,4,3,3,4,2.333333333
LGM,A red house shaped like an apple,2.333333333,4,0,3,3.666666667,3.666666667,3,4,3,3.333333333,4,3
LGM,A red tiger with a wicker tail,2.333333333,4,0,3,2,2.333333333,3,2.333333333,3,2,3,2
LGM,A robot dog below a glowing spaceship,2.333333333,2.333333333,2,2,3,3,3,3,3,3,4,2
LGM,A rocking chair made of amber with cloud-like foam cushions,1,1,0,1,1,1,1,1,1,1,1,1
LGM,A rose with petals of frosted crystal and a stem wrapped in green vines,3.333333333,2,0,3,3,3,3,2,3,2.333333333,4,2
LGM,"A round, red apple with a brown stem and green leaves",3.333333333,3.666666667,0,3.333333333,3.333333333,3.333333333,3,3,3,2.666666667,3,2.333333333
LGM,"A round chair with a cushioned seat, and carved spirals on the body",3.333333333,3.333333333,0,3.333333333,3,3,2,3.333333333,3,2.666666667,4.333333333,2
LGM,A round green plate like a water lily,3,3,0,3,3,3,4,4,3.333333333,3.333333333,4,3
LGM,A round pizza,3.333333333,2.666666667,0,3,3,3,2.333333333,3,3.333333333,2,3,2.333333333
LGM,A round sunflower,4,4,0,4,3.666666667,3.666666667,4.333333333,4,3.666666667,3.666666667,4,3.666666667
LGM,A round teapot of rainbow colors,3.666666667,4,0,4,3,3,3,4,3,3,4,3
LGM,A ruler and a pencil,1,0,0,1,1,1,1,1,1,1,1,1
LGM,A shark with a crown is holding a trident,2.666666667,1,2,2,3,3,4,3.666666667,3,3,3.333333333,2
LGM,A sheep wearing a dress made of glowing leaves,1,1.333333333,0,1.333333333,1,1,1,1,1,1,2.666666667,2
LGM,A sheep wearing a hoodie decorated with colorful flowers and green leaves,3,2.333333333,0,3,3,3,4,3.333333333,3.333333333,3,4,2.666666667
LGM,A shoe next to a sock,1,0,1,1,1,1,1,1,1,1,1,1
LGM,A shoe with a body shaped like a fish,2,2,0,2,1,1,1,1,1,1,1,1
LGM,A short and dense fern with leaves shaped like feathers,4,4,0,4,3,3.333333333,3.333333333,3.666666667,3,3,4,3.666666667
LGM,A short brush with gold bristles,3,3,0,3,3,3,3,4,3.333333333,3,4,3
LGM,"A short mushroom with a thick, rounded cap and a narrow stem",4,3,0,3.333333333,3,3,2,3.333333333,3,2,4,2
LGM,A silver circular ring with a gem,4.333333333,5,0,4.333333333,3,3,4,3,3,3,4.333333333,4
LGM,"A silver scissors with rubber handles, and a screw joint",2.333333333,2,0,2,3,3,2,3.666666667,3.666666667,2,4,2
LGM,A skeleton knight sitting on a throne whose armrests are adorned with intricate carvings,2.333333333,1,2,2,2,2,3,2.333333333,3,2,3,2.333333333
LGM,A skirt made of scales with a hem shaped like a mermaid's tail,3,2,0,2.333333333,3,3,3,3.333333333,3,3,4,3
LGM,A slender palm tree with fan-shaped leaves and curved branches,3,2,0,3,3,3,3.333333333,3.333333333,3,3,4,2
LGM,"A small, oval-shaped fish with a flat body and triangular fins",1.333333333,1,0,1,1,1,1,1,1,1,1,1
LGM,A small wooden ship inside a porcelain cup,3.333333333,3,3,3,3,3,4.333333333,3.666666667,3.333333333,3.666666667,4,3.666666667
LGM,A snail with a shell made of smooth jade,4.333333333,4,0,4,3.333333333,3.333333333,4.333333333,3,3,3.333333333,4.333333333,4
LGM,A snake shaped like a long tube,2,2.666666667,0,2.333333333,2,2.666666667,2.333333333,2.666666667,3,2,4,2
LGM,A snake with legs,2,1,0,1.666666667,2,2,3,2,3,1.333333333,1,1
LGM,A sneaker with blue stripes on the surface,2,2.666666667,0,2,2.333333333,3,2,3,3,2,3,2
LGM,A sparrow building a nest on the house with branches and leaves,1,1,1,1,1,1,1,1,1,1,1,1
LGM,A spiked dragon,3,2.333333333,0,2.666666667,3,3,3,3,3,2.666666667,4,2
LGM,A spiky green iguana with a long tail and a row of spines along its back,1.333333333,1,0,1,1,1,1,1,1,1,1,1
LGM,A spiky lizard with jagged wings and uneven scales on its body,1,1,0,1,1,1,1,1,1,1,1,1
LGM,A spoon in a bowl,1,0,1,1,1,1,1,1,1,1,1,1
LGM,"A spruce tree with sharp, triangular needles and a slightly curved trunk",1,1,0,1,2,2,1.333333333,1.666666667,2,1.333333333,2,1
LGM,A square camera,2,3,0,2.333333333,3,2,2,3,3,2,3.333333333,2
LGM,A square mirror surrounded by blooming flowers,2,3,0,2.666666667,2.333333333,2,4,3,3,2,3,2
LGM,A squirrel eating a donut,2.333333333,0,2,2,3,3,4,3,2.333333333,2,3,2.666666667
LGM,A squirrel jumping from a tree with an acorn in its mouth,1,1,1,1,1,1,1,1,1,1,1,1
LGM,A squirrel wearing a tuxedo and holding a conductor's baton,3,3.333333333,3.333333333,3.333333333,3,2.666666667,3,3.333333333,3,2.666666667,4,3
LGM,A starfish inside a seashell,2,0,1.666666667,1.666666667,3.333333333,3.333333333,4,3,3,3,1.666666667,1.666666667
LGM,A steak and potatoes,3.666666667,0,0,3.666666667,3,3,3,2.666666667,3,2.666666667,2.666666667,3
LGM,A steaming basket full of dumplings,2.333333333,2,0,2,2.666666667,2.666666667,2,2,2.333333333,2,3,2
LGM,A stone arched bridge with a hole on the surface,1,1,0,1,1,1,1,1,1,1,1,1
LGM,A stone castle,4,4,0,4,2.333333333,2,2,3.333333333,3,2,4,2.666666667
LGM,A stool below a table,3,0,2,2,3.333333333,3.333333333,3.666666667,4,4,3.666666667,4.333333333,2.333333333
LGM,A stool with legs like an elephant's leg and a seat like a mushroom top,3.333333333,2,0,2,3,2.333333333,3,3.666666667,3.666666667,3,4,2
LGM,"A striped tiger with orange fur, black stripes, and green eyes",3.666666667,3.333333333,0,3.333333333,2.333333333,3,2,2,2,2,4,2
LGM,A sunflower next to a rose,3.666666667,0,4,4,3,3,2.666666667,2.666666667,3,2,3.333333333,3
LGM,"A sunflower with a circular head, slender petals and dense foliage",1.666666667,1,0,1,2,1.666666667,1.666666667,2,3,1,2,2
LGM,A sunflower with a diamond center,4,1.666666667,0,3,3,3.333333333,3,3.333333333,3.333333333,3,4,2.333333333
LGM,A sunflower with metallic petals and a brown clock face in the middle,4.666666667,2.666666667,0,3.333333333,3,3.666666667,4,4,4,3,4.666666667,4
LGM,A sunflower with yellow petals and a dark brown center,4.666666667,5,0,4.666666667,4,4,4,4,3.666666667,3.666666667,5,4
LGM,A swan inside a crystal,1.666666667,0,1,1.333333333,2,2,2,2,2.333333333,1.666666667,2,1.666666667
LGM,A symmetrical bridge,1.666666667,1,0,1.333333333,3,3,2.333333333,3,3.333333333,2,3.666666667,2
LGM,A symmetrical dragonfly with wings made of light-colored glass,4,4,0,4,3.666666667,3.666666667,4,3.666666667,3.666666667,3.666666667,5,4
LGM,A table with a top like a leaf and legs like branches,3,3,0,3,3,3,2.333333333,3.666666667,3,2.333333333,4.333333333,2
LGM,A tall brown-furred giraffe,3.666666667,4,0,3.666666667,3,3,3,3,3,3,3,2
LGM,A teddy bear with a red bow,4,3,0,3.333333333,3.333333333,4,3.666666667,3,3,3,4,3
LGM,"A television, decorated with gold and inlaid with jewels",4,4,0,4,3.666666667,4,4,4,4,4,5,4
LGM,A tiger dressed as a doctor,3.666666667,3,0,3.333333333,2.333333333,2.666666667,2,3,3,2,4,2
LGM,A tiger driving a car,2,0,1.333333333,2,1.666666667,1.666666667,2,2.333333333,2.333333333,1.666666667,2.333333333,2
LGM,A tiger outside a house,1.333333333,0,1.333333333,1.333333333,1,1,1,1,1,1,3,2
LGM,A tiger warrior next to a stone castle,2,1,2,1.666666667,3,2.666666667,3,2,2.666666667,2,3,2
LGM,A tiny shark wearing a racing driver's suit and a helmet on its head,1,2,0,1.666666667,3,3,3,4,3,3,4,2
LGM,A tortoise with a shell that looks like stained glass,3,4,0,3,3,3,2,3.666666667,3,2,4,2.666666667
LGM,A tower with a pointed top,4.666666667,5,0,4,3,2.666666667,4,4,3,3,5,3
LGM,A tree with silver bark,1,1,0,1,1,1,1,1,1,1,1,1
LGM,A truck hauling a box,3.333333333,0,3,3,3,3,3,3.333333333,3,3,4,2
LGM,A vintage rocking chair with curved arms and a woven cane seat,3,1.666666667,0,2,3,2.333333333,3,2,3,2,3,2.333333333
LGM,A watermelon with golden and silver stripes,4,3,0,3,3.333333333,3,4,4,4,3,4,2.333333333
LGM,A whale inside a bag,3.333333333,0,3.666666667,3.666666667,3,3,4,4,4,3,3,2.666666667
LGM,A white ceramic vase with floral motifs,4,4.333333333,0,4,3.666666667,3.333333333,5,3.666666667,4,4,5,3
LGM,A white dog with wings,2.333333333,3,0,2.666666667,3,3,4,3.666666667,3,3,3,2
LGM,"A white headphones with soft, padded ear cups and a black headband",4,4,0,4,3,3,2,3.666666667,3,2,3.333333333,2
LGM,A white milk carton with a yellow logo,5,5,0,5,4,4,5,4,4,4,5,4
LGM,A white rabbit nibbling on a carrot,4,4,3,3,3,3.333333333,4,3,3,3,3,3
LGM,A white rabbit with round ears,4,2.333333333,0,3,4,3.333333333,4,4,3,3.666666667,4.333333333,2.333333333
LGM,A white scarf with fringed edges,4,3,0,3.333333333,3,3,2.333333333,3.666666667,3,2.333333333,5,3
LGM,A wide hat,3,4,0,4,3,3,3,2,3,2,4,2
LGM,A wide-brimmed straw hat with a black ribbon and a woven texture,4,2.333333333,0,3,3,3.666666667,3.666666667,4,4,3,4,2
LGM,A willow tree with silvery branches and a slender trunk,2.333333333,2,0,2,2,2.333333333,3,2,3,2,2,2
LGM,A wooden apple above a brass plate,3,3,4,3,3,3,4,4,3,3,4.5,3.333333333
LGM,A wooden chair with a cushioned seat placed next to a round table,2.333333333,2,2,2,3,3,3,3,3,3,4,2
LGM,A wooden desk with square drawers,4.333333333,4,0,4,3,4,5,4,3.666666667,4,5,3
LGM,A wooden dining table with cylindrical legs,4,2.333333333,0,3,3,3,2,3,3,2.333333333,4,2.333333333
LGM,A wooden guitar with a curved body and metal strings,4,3.333333333,0,4,3,3.666666667,3,4,3,3,4.666666667,3
LGM,A wooden house,4,3.333333333,0,4,3,3,3,4,3.666666667,3,4,3
LGM,A wooden violin,2,2,0,2,2.666666667,2.666666667,2,1.666666667,3.333333333,2,4,2
LGM,A yellow banana with brown spots,4.333333333,5,0,4.333333333,4,4,5,4,4,4,5,4
LGM,A yellow canary with a pointed beak and a copper crest on its head,4,2.666666667,0,3,3,3.333333333,4,3,3,3,4.666666667,3
LGM,An apple next to a banana,3.666666667,0,4,3.666666667,3,3,3.333333333,3,3,3,3,3
LGM,An earring designed as miniature chandeliers adorned with crystals,2,2.666666667,0,2.333333333,2.333333333,2.333333333,3.666666667,2.666666667,3,2.333333333,4,3
LGM,An octopus playing the piano,2,0,1.333333333,2,2.666666667,2,3.333333333,2,2.333333333,2,2,2
LGM,"An office building with a flat roof, and evenly spaced windows",2,2.666666667,0,2,3,2.333333333,1.333333333,3,3,2,4,2
LGM,An olive-shaped metal leaf,4,3.333333333,0,3.666666667,3,3,4,4,3.666666667,3,4,3
LGM,An orange cat with a long tail,3,2,0,3,3,3,3.333333333,3,3,3,4,2
LGM,An orange square chimney,2.333333333,3,0,2.333333333,3,3,3.333333333,3.333333333,3.333333333,3,4,2
LGM,"An oval-shaped hummingbird with thin legs, and a pointed beak",2.333333333,2,0,2,3,2.666666667,2,3.666666667,3,2,3,2
LGM,An owl on a boat,1.333333333,0,1.333333333,1.333333333,1,1,1,1,1,1,4,1.333333333
LGM,An umbrella with a curved handle,4,5,0,4,3,3,3,4,3,3.333333333,5,3
LGM,Several quadrangle stars on the surface of a coffee cup,1,1,0,1,1,1,1,1,1,1,1,1
Magic3D,A asymmetrical flower,4,2,0,3,4,2,3.666666667,4,3,2.333333333,4.333333333,3
Magic3D,A baby dragon leaning against a wolf knight,3,0,3,3,2,2,3.333333333,4,3,2.333333333,4,2.333333333
Magic3D,A badge shaped like a shield,2,3.666666667,0,2.666666667,2,1,4,2.333333333,4,1.666666667,2,2
Magic3D,A bag with a body shaped like a giant seashell,2,4,0,2.666666667,3.666666667,2,4.333333333,4,3,3,4,2.333333333
Magic3D,A bat with fan-shaped ears and black wings with pink polka dots,2.333333333,2,0,2,2.333333333,2,3.333333333,2,2,1.666666667,2.333333333,2
Magic3D,A beagle in a detective's outfit,4,1.666666667,0,2.333333333,2.666666667,2,4,4.333333333,3,2.666666667,4.666666667,2.666666667
Magic3D,A bear reading the newspaper,4,0,4.666666667,4,2.333333333,1.666666667,4,3.666666667,3,2.666666667,4,3
Magic3D,A bee above a flower made of red silk,1.666666667,1,1.666666667,1.666666667,1,1,3.333333333,3.333333333,2,1.333333333,1,1
Magic3D,A bicycle crafted from bones of mythical creatures,1.333333333,1,0,1,1,1,1,1,1,1,2.666666667,1.666666667
Magic3D,A bird on a branch,2,0,1,1.333333333,2,2,2.333333333,4,4,1.666666667,1,1
Magic3D,A bird pecking at a shiny necklace on a table,1.666666667,2,1,1.666666667,2,1.666666667,4,4,2,1.666666667,4,2
Magic3D,A bird with a pointed beak,1.333333333,1,0,1,1,1,1,1,1,1,1,1.333333333
Magic3D,A bird with rainbow feathers,4.333333333,5,0,4.333333333,3,3,4,4,4,3.333333333,5,3
Magic3D,A black bicycle with a curved handlebar,1,1,0,1,1,1,1,1,1,1,1,1
Magic3D,A black camera,4,4,0,4.333333333,2.666666667,2,4,3.666666667,3.333333333,2.333333333,3,3
Magic3D,A black cat,3,4,0,3,3,2.666666667,2.333333333,3,4,2,3.666666667,2
Magic3D,A black cat knocking over a glass with its paw extended,2.666666667,3.666666667,2.666666667,2,3,2,4,3.666666667,3,2,3,2.5
Magic3D,A black cat sitting on a soft cushion,2.333333333,3,2,2,2.666666667,2.333333333,4,4.666666667,3,2.666666667,4,2
Magic3D,A black leather jacket with silver zippers,4,3,0,3,3,3,3.333333333,3.666666667,3.333333333,3,4,2.666666667
Magic3D,A black motorcycle with rearview mirror,3,3,0,3,2.333333333,2,2,3,3.333333333,2,4,2
Magic3D,A black panther with slender claws and yellow eyes,1,1,0,1,1,1,1,1,1,1,1,1
Magic3D,A black tall hat with a yellow ribbon,4,4,0,4,2.666666667,2,4,3,3.666666667,2.666666667,4,2
Magic3D,A blue backpack with a red printed pattern and transparent pockets on the side,4,3,0,3,3,3,3.666666667,3,3,3,3,2.666666667
Magic3D,A blue butterfly on a pink flower,3.333333333,4,4,3.666666667,2,2,4,3,2,2,3,2.333333333
Magic3D,A blue denim jacket draped over a chair,2,3.333333333,2,2.333333333,2,2,4,2.333333333,4,2.333333333,3,2
Magic3D,A blue ottoman with a padded top,2.666666667,3.666666667,0,3,3,2.666666667,2.666666667,4,3,3,3.666666667,2.333333333
Magic3D,A blue parrot perching on a tree branch,3.666666667,3,4,3.666666667,3,3,4,4,3,3,3,3
Magic3D,A blue parrot with white feathers and a yellow beak,3,3,0,3,3,2,3,4,3,2.333333333,3,2.333333333
Magic3D,A blue scarf,4,4,0,4,3,2.333333333,4,4,3.666666667,3,5,3
Magic3D,A bonsai with metal leaves,3.666666667,2.333333333,0,3,2,2,4,4,2,2,4,2
Magic3D,A bright yellow rubber duck floats in a sudsy bathtub,3,3,2,2.333333333,3,2.666666667,4,4,3.666666667,3,2,2
Magic3D,A bright yellow school bus with black tires and a stop sign,4,3,0,3.333333333,3.333333333,2,3.333333333,4,3,2.666666667,3,2
Magic3D,A bronze statue,4,3,0,3,2.666666667,2,3.333333333,4,3,2.666666667,5,3
Magic3D,A brown bear playing with a ball of yarn,2.333333333,4,2,2,2.333333333,2,4,3,3.333333333,2,4,3
Magic3D,"A brown bear with black eyes and thick, shaggy fur",3.333333333,3,0,3,2,1.666666667,2.333333333,2,4,1.333333333,2,1.666666667
Magic3D,A brown dog,4.333333333,4.333333333,0,4.333333333,3,3,3.666666667,4,3,3,5,3
Magic3D,A brown fox wearing a hat,4,4.333333333,0,4,3,2.666666667,4,4,3,3,3,3
Magic3D,A brown horse standing near a cow,2,3.333333333,2,2,3,2,3,4,3.666666667,2.333333333,4,2.333333333
Magic3D,A brown sweater with a snowflake pattern,1.666666667,1.333333333,0,1,1,1,1,1,1,1,4,2
Magic3D,"A bulky elephant with a cylindrical trunk and thick, pillar-like legs",2.666666667,3,0,3,2.666666667,1.333333333,3.666666667,2,3.666666667,2,2,2
Magic3D,A bush with green leaves covered with golden gemstones,1,1,0,1,1,1,1,1,1,1,1,1
Magic3D,A butterfly landing on a wide-brimmed hat placed on a chair,3.666666667,4.666666667,3.333333333,3.666666667,3,3,5,3.666666667,3,3.333333333,4,3
Magic3D,A butterfly on a flower,3,0,3,3,2.666666667,2,4,3,2.333333333,2,2.666666667,2.333333333
Magic3D,A butterfly with blue and white pattern inside an iron oven,3,2,2,2,2,2,3,2.666666667,3.333333333,1.666666667,2,1
Magic3D,A butterfly with vibrant wings resting on a blooming sunflower,2,1,2,1.333333333,1,1,1,1,1,1,2,1.666666667
Magic3D,A butterfly with wings made of stained glass,2.333333333,2,0,2,2,1.333333333,3,4,2,2,2,2
Magic3D,A cactus with a spiral pattern on its surface and covered with glittering golden spines,4,3,0,3,2.666666667,2,3,4,3,2.666666667,4.666666667,2.666666667
Magic3D,A cactus with arms of different lengths shaped like a candelabra,4,4,0,4,3,3,3,4.333333333,3,3,4.666666667,3
Magic3D,A cactus with red flowers,1.666666667,4,0,2,3,2,4,3,3,2,2.333333333,2
Magic3D,A cake on a ceramic plate,4,2.666666667,4.666666667,4,3.333333333,2.666666667,4,5,3.333333333,3,5,4
Magic3D,A car parked next to a red bicycle,3,0,2,3,2,2,3.333333333,4,4,3,4.666666667,2.666666667
Magic3D,A car shaped like sushi,4,4.666666667,0,4,3,2,3.666666667,4.666666667,3,2.666666667,5,3.666666667
Magic3D,A car with square wheels,5,3,0,4,3,2,3,4.666666667,3,2.666666667,5,3
Magic3D,A castle with a rainbow-colored exterior and hieroglyphs written all over it,2,2,0,2,2.666666667,2,3,4,3,2,4,2
Magic3D,"A cat, one eye missing",2.666666667,1,0,2,3,2.333333333,2.333333333,3.333333333,4,2,2.333333333,2
Magic3D,A cat below a chair,2,0,2,2,2,1.666666667,3,4,4,2,3,2
Magic3D,A cat curling up on a bicycle with tail batting at the seat,2.333333333,0,2.666666667,2.666666667,1,1,2,3.333333333,1.666666667,1.333333333,2,2
Magic3D,A cat pawing at a toy,2,0,1.333333333,1.333333333,2,2,4,3.333333333,3,2,2,2
Magic3D,A cat with two different colored eyes,3,1.333333333,0,2,2.666666667,2,2.333333333,2.666666667,4,2,2,2
Magic3D,A cat with wings,3.333333333,4,0,4,2.666666667,2,4,4,3.666666667,3,4,2.666666667
Magic3D,A cat wizard wearing a magic hat,3,4,0,3,3,2,3,4,3,2,3,3.333333333
Magic3D,A chair with a seat shaped like a giant leaf,4,2.333333333,0,3.333333333,3,3,3,5,3,3,4,2.333333333
Magic3D,A chair with legs made of vines and a gradient seat that changes from purple to red,1,2,0,1.666666667,2,1,1.333333333,4,3.666666667,1.666666667,3.666666667,2
Magic3D,A cherry blossom tree with pink petals and gray branches,2.333333333,2,0,2,2.666666667,1.666666667,2.333333333,3,2,1.666666667,4,2
Magic3D,A chimpanzee carrying a backpack,4,0,4,4,3,2,4,3.666666667,3,2.666666667,3,3.333333333
Magic3D,A church with a tall steeple located near a modern house with large windows,2,3,2,2,3,3,2,2,3,1.666666667,2,2
Magic3D,A circular white clock,1,1,0,1,1,1,1,1,1,1,1,1
Magic3D,"A clay vase with a round base, and a floral pattern",4.333333333,4.666666667,0,4.333333333,3,2.333333333,5,3,3.666666667,3,5,3.333333333
Magic3D,A collection of fresh vegetables arranged in a wicker basket,4,3,4,3.333333333,2,2,4,4,3.333333333,2,4,3
Magic3D,A colored mushroom growing on a log,2,2.333333333,2,2,3,2.333333333,3.666666667,4,4,3,4,2
Magic3D,A colorful dragonfly on a desk with wings opening,3,4.666666667,2,3,2,1,5,4.666666667,2,2,3,2.666666667
Magic3D,"A colorful fruit salad with sliced strawberries, and blueberries",3,4,0,3,2.666666667,2,3.333333333,3,2.333333333,2,2.333333333,2
Magic3D,A colorful ladybug in a glass bottle,3,2.333333333,2,2,3.333333333,3,4,4,3,3,3.666666667,3
Magic3D,A conical castle tower with a pointed roof and arched windows,4,5,0,4,3,2.666666667,4,4.666666667,3,3,5,3
Magic3D,A conical tower,3.666666667,4,0,3.666666667,3,2,4.666666667,5,4,3,4,2.666666667
Magic3D,A corgi dog lying on a sofa with head resting on a cushion,2,0,2,2,3,2.666666667,4,3.666666667,3.333333333,3,4,2.333333333
Magic3D,A crocodile below a table,2,0,1.333333333,2,2,1,3,1.666666667,3,1.333333333,2.333333333,1.666666667
Magic3D,A crystal key hanging on a metal hook,2,2,1.666666667,1.666666667,2,2,4.333333333,4.666666667,2,2,5,2.666666667
Magic3D,A cup full of colorful pens and pencils,3,4,0,3,2,2,4,4,2,2,4,2.333333333
Magic3D,A curved brush,3,2.333333333,0,2.666666667,2.666666667,2,3.333333333,4,3,2,4.333333333,3
Magic3D,A cylindrical chair,2,2,0,2,2.333333333,2,3,3,4,2,4,2
Magic3D,A deer standing near the ruins of a stone castle with ears perking up,2.333333333,2,2,2,2,1.666666667,2.666666667,2.666666667,3,2,2,1.666666667
Magic3D,A deer with antlers of various sizes in the shape of branches,3,3,0,3,2,2,3.333333333,4.666666667,2,2,4.666666667,2
Magic3D,A delicate porcelain teacup painted with flowers rests on a saucer,3,1,2.333333333,2,1,1,3.666666667,3.666666667,2,1.666666667,3.333333333,2
Magic3D,A delicious sandwich next to a pile of crispy,4,0,4,4,3,2.333333333,4,3.666666667,3,2.666666667,4,3
Magic3D,A dog barking at a cat,2.333333333,0,2,2,3,2.666666667,3,4,3.333333333,2.666666667,3,2
Magic3D,A dog eating a piece of bread on the table with tail raising,3,1,2,2,3,2.666666667,3,4,3,3,3.666666667,2.333333333
Magic3D,A dog sitting next to a white cat,4,4,5,4,2.666666667,2,4,4.666666667,3,3,5,3.5
Magic3D,A dog wearing extremely cool sneakers,3.666666667,4,0,4,2.666666667,2,3,4,3,2.333333333,4,3
Magic3D,A dog with a beard and ears shaped like butterfly wings,3,2.666666667,0,2.666666667,3,2,3,4,4,2.666666667,2,2
Magic3D,A dragon curled up on a floating sofa with tail wrapped around a cushion,3,0,3,3,3,3,4,4,3,3,3,2.333333333
Magic3D,A dragon holding a staff wrapped in glowing vines with a crown on his head,2,2.333333333,1.666666667,2,2.666666667,1,3,4,2,1.333333333,4,2
Magic3D,A dragon with metallic scales,1.666666667,1.666666667,0,1.666666667,2,1.333333333,2.333333333,2.666666667,2.666666667,2,3.666666667,2
Magic3D,A dragonfly in a water tank,2,0,1,1.333333333,2,1.666666667,2.333333333,2.333333333,3,1.333333333,2,1.666666667
Magic3D,A drone with balanced propellers,4,3.333333333,0,3.333333333,3,2,3.666666667,4,2,2,4,2
Magic3D,A duck chasing a toy boat,3.666666667,4,3.333333333,3.333333333,2,1.333333333,4,4,2,1.666666667,4.333333333,3
Magic3D,A fat owl wearing a black gown,2.333333333,2,0,2,3,2,3,4,3.333333333,2.333333333,2,2
Magic3D,A fat penguin,4,4,0,4,3.333333333,2.333333333,3.666666667,4.333333333,3.666666667,2.333333333,4.666666667,3
Magic3D,A fat wolf with pink fur,4.666666667,5,0,4.666666667,4,3,5,4,3,3.666666667,3,3.333333333
Magic3D,A fish with deep black scales speckled with stars,4,3,0,3.333333333,2.666666667,2,4,4.666666667,3.666666667,3,4.333333333,2
Magic3D,A fish-shaped shoe,4,2,0,3,3,2,5,3,3,2.666666667,4,3
Magic3D,A floral dress hanging on a coat rack,2,3,2,2,2.333333333,2,4,4,3.666666667,2,2.333333333,2
Magic3D,A flower on a table,1,0,1,1,1,1,1,1,1,1,1,1
Magic3D,A flower that blooms petals shaped like butterflies,3,2,0,2,3,1.333333333,4,3.666666667,3.333333333,2,4,2
Magic3D,A flower with petals made of soft pink silk,1,1,0,1,1,1,1,1,1,1,1,1
Magic3D,A flower with round copper petals,2,3,0,2,2,2,3.333333333,2,2.333333333,1.333333333,2,2
Magic3D,A flower with star-shaped petals,4,3.333333333,0,3.333333333,4,3,4,3,4.666666667,3,3.333333333,2
Magic3D,A fluffy cat lying on its back on a couch,2.333333333,3,2,2,2.333333333,2,3,4,3,2.333333333,4,2.333333333
Magic3D,A footballer kicking a ball,4,0,4,4,2,2,3,3.333333333,2.333333333,2,3,2.333333333
Magic3D,A fox holding a basketball,3.333333333,0,3,3,3,2.666666667,4,3.666666667,2.666666667,3,3,3.333333333
Magic3D,A fox lying on a couch and watching television with a coffee cup in his hand,2.333333333,2,1,2,3,2.333333333,3,3,3,3,3,2.5
Magic3D,A fox on a maple leaf with tail draped over the edges,3.333333333,0,2,3,3,2,4,3.666666667,3,2.666666667,2.666666667,3
Magic3D,A fox taking a photograph using a DSLR,3.666666667,0,3.666666667,3.666666667,2,2,4,4,3,2,4,3
Magic3D,A fox wearing a tailored suit and a tie,4,4,0,4.333333333,3,2.666666667,3,3,2.666666667,3,3,3
Magic3D,"A fox with a bushy, crescent-shaped tail and pointed ears",4,3,0,3,3,2,4.666666667,4.666666667,2,2,3.666666667,2.666666667
Magic3D,"A fox with nine tails, each of which is made of metal",3.333333333,2,0,2,2,1.666666667,4,2.666666667,2,2,3,2.333333333
Magic3D,A frog inside a refrigerator full of fruits and vegetables,2,2.333333333,1.666666667,1.666666667,2.666666667,2,4,2.333333333,3,2,2,2
Magic3D,A frog on a lily pad,3.333333333,0,4,4,2.666666667,2,4,4,3.333333333,3,4,3
Magic3D,A frog with a mechanical heart,4,2,0,2.333333333,2.666666667,2,2.666666667,4,2.333333333,2.666666667,4,2
Magic3D,A fruit basket filled with apples and oranges on a table,2.666666667,4.666666667,2,3,3,3,3.333333333,4,3.666666667,3,4.666666667,3
Magic3D,A fruit basket holding apples,4,0,4.666666667,4,2.666666667,2.333333333,4.666666667,4.666666667,3,3,4.5,3.666666667
Magic3D,A fruit basket on a table,2.666666667,0,2,2,2.666666667,2,4,4,3.333333333,2.333333333,3.333333333,2.333333333
Magic3D,A gaming console with a gray plastic shell and red buttons,4,3.333333333,0,4,3.666666667,3,4,5,4,3.333333333,4,3.333333333
Magic3D,A giant ant standing on a blue crystal ball,3.333333333,3.333333333,3.333333333,3.333333333,3,2,3,4,4.333333333,3,1,1
Magic3D,A goat drinking beer,2.333333333,0,2,2,2,1.666666667,2,3,3.333333333,1.666666667,2,1.333333333
Magic3D,A gold necklace lying on a wooden table next to a pair of earrings,2,1,1.666666667,2,2,1,2.666666667,4,2,1.333333333,3,1.333333333
Magic3D,A gold necklace with a circular pendant,1,1,0,1,1,1,1,1,1,1,1,1
Magic3D,A golden croissant with a flaky layer of butter and a smooth finish,4,3,0,3.333333333,3,3,5,4.333333333,3.666666667,3,4,3
Magic3D,A golden motorcycle,4.666666667,4,0,4,3,3,4,4,3,3.666666667,4.666666667,3
Magic3D,A golden ring with a miniature castle built atop the band,2,2.666666667,0,2.666666667,2,2,3,3,3,2,3,2
Magic3D,A goldfish on a guitar,3,0,2,2,2.666666667,2.666666667,3.666666667,4,3,3,4,3
Magic3D,A gray car shaped like a toast,1,2,0,2,3,3,4.333333333,4.333333333,3.666666667,3,4,2
Magic3D,A gray cotton t-shirt with a printed logo,2,2.666666667,0,2.666666667,3,2,3.666666667,3.333333333,3,2,5,2
Magic3D,A gray dog licking an ice cream cone,4.333333333,4,4,4,3,2,3,4,3,2,3.5,3.5
Magic3D,A gray elephant with a long trunk,3.333333333,4,0,3.666666667,3,2,3,3,4,3,3,2.666666667
Magic3D,A gray horse with a long mane and wrinkled skin,2,1.666666667,0,1.666666667,2.666666667,2,1.666666667,3.666666667,3,2,4,2
Magic3D,A gray knife shaped like a leaf,3.333333333,3,0,3,3,3,4.666666667,4.666666667,4,3.666666667,4.666666667,3.333333333
Magic3D,A gray skyscraper with rectangular windows,1,1,0,1,1,1,1,1,1,1,1,1
Magic3D,A gray submarine resembling a giant fish,3.666666667,2.666666667,0,3,3,2.666666667,4,4,4,3,3.333333333,3
Magic3D,A gray wrench,2.333333333,1.333333333,0,2,2,2,4,3,2.666666667,2,3.666666667,2
Magic3D,A green bowl with a wide rim and a ceramic texture,1,1.666666667,0,1.333333333,1,1,1,1,1,1,1,1
Magic3D,A green cactus in a clay pot,4,4,4.666666667,4,3,3,4,5,3,3,5,3.666666667
Magic3D,A green cactus with sharp spines,4,2.666666667,0,3,3,2.333333333,4,3.666666667,3,2.666666667,5,3.333333333
Magic3D,A green flute with a cylindrical shape and finger holes,4,4,0,4,3,2,4.333333333,3.666666667,3,2.333333333,4,2
Magic3D,A phoenix with a long beak and wings shaped like a flame fan,4,3,0,3.666666667,3,2.666666667,4,4.666666667,2,3,4.666666667,3
Magic3D,A phoenix with golden feathers,2.666666667,3.333333333,0,3,2,2,2.333333333,3,2.666666667,2,3.666666667,2
Magic3D,A piano with keys that sparkle like crushed diamonds,4,2.666666667,0,2.666666667,2,2,3,4,3,2,4,2
Magic3D,A pig playing a drum set,4,0,3,3,3,2,4,3,3.666666667,2,3,3
Magic3D,A pigeon reading a book,4,0,4.333333333,4,3,2,4,4,3,3,5,3.333333333
Magic3D,A pile of burning firewood in a refrigerator with the door open,2,2.666666667,1,2,1,1,1,1,1,1,2.333333333,2
Magic3D,"A pine tree with a tall, conical form",4,4,0,4,3,3,3,4,3.666666667,3,4.333333333,3
Magic3D,A pink boat,1.666666667,4,0,2.666666667,2.333333333,1.333333333,3.666666667,2,3,2,4,1.666666667
Magic3D,A pink cherry blossom with a slender branch,2,3,0,2,3,2.666666667,4,3,3,2.666666667,4,2
Magic3D,A pink desk lamp shaped like a trumpet flower,3,3,0,3,2.666666667,2.333333333,4,4.666666667,2.333333333,2,4,2.666666667
Magic3D,A pink pig with a curly tail,3,2.333333333,0,3,3,2,3,5,4,3,4.333333333,2
Magic3D,A pink rose with a ruby in the center,4,4,0,4,3,3,4,4.333333333,3,3,5,3.666666667
Magic3D,A pink shark,2,1,0,1.333333333,2.666666667,1.666666667,3,4,2.666666667,2,4,1
Magic3D,A pink smartwatch with a square face and a silicone band,1.333333333,2.333333333,0,1.333333333,2.333333333,2,2,4,4,2,2,1
Magic3D,A pink vase filled with white lilies,4,4,0,4,3,2.666666667,3,4,3,2.666666667,4,3
Magic3D,A pirate digging for treasure with a rusty shovel,3.666666667,3,4,3.666666667,2,2,4,2.666666667,2,2,3,2
Magic3D,A pizza placed beside a fresh salad,1.333333333,1,1,1.333333333,2,1.333333333,4,2.333333333,4,1.666666667,2,1.333333333
Magic3D,A plant with rainbow leaves in a clay pot,4,4,4,4,3,2,4,4,2.666666667,2.666666667,4.333333333,3
Magic3D,A pot shaped like a lotus leaf with a golden pattern on the surface,2,2,0,2,2,2,5,4,3,2,4,1.666666667
Magic3D,A pottery bowl with hand-painted flowers,3.333333333,3.666666667,0,3.333333333,3,3,3,3.666666667,3,3,5,3.333333333
Magic3D,A purple shirt with a square collar and buttoned front,3,2.333333333,0,2.333333333,3,2,3.666666667,3.333333333,3.333333333,2,4,2.333333333
Magic3D,A pyramidal bottle with glowing liquid,3,4,0,4,3,3,4,3,3.333333333,3,4,3
Magic3D,A rabbit chewing a shoe,4,0,4.333333333,4,2.333333333,2,4,3.333333333,3,2.666666667,4,3
Magic3D,A rabbit kissing a fox,3,0,2.333333333,2.666666667,3,3,3.333333333,4,3.333333333,3,3,2.333333333
Magic3D,A rabbit pirate casting a spell with a magic wand,3.666666667,0,3.666666667,3.666666667,3,2,4,3.333333333,2.333333333,2.333333333,3,3
Magic3D,A rabbit wearing a dress,3,4,0,3.333333333,3,2.333333333,3,4,3.666666667,2,3,2
Magic3D,A raccoon detective on a rainbow bridge,3,3.666666667,2.666666667,3,2,1,2,2,3,1.333333333,3,2
Magic3D,A raccoon holding a goblet that shimmers with a rainbow of colors,2,2,3,2,2.333333333,2,3,3,3,2,4,2
Magic3D,A raccoon nibbling on a fallen walnut with paws holding the nut,2,0,2,2.333333333,1.333333333,1,3,2,3,1,2,2
Magic3D,A raccoon under a cable car with tail curling around the handle,2,0,1,1.333333333,2,1.666666667,3.666666667,2.666666667,3,1.666666667,2,2
Magic3D,A raccoon wearing a helmet piloting an airplane,4,2.333333333,4.333333333,3.333333333,3,2,4,3,2,2,2.333333333,3.333333333
Magic3D,A raccoon wearing a white chef's hat and red apron with floral patterns,3,1,0,1.666666667,2.666666667,2,4,3,3,2,2,2
Magic3D,A rainbow-colored rabbit with protruding front teeth,3,2.333333333,0,3,3,2.666666667,4,3.333333333,3,3,4,2.5
Magic3D,A rectangular belt with a flat buckle and evenly spaced holes,1,1.333333333,0,1,2,1,2,3.333333333,3,1.333333333,1,1
Magic3D,A rectangular car,2.333333333,4,0,2.333333333,2.333333333,1,2.666666667,4,2,1.333333333,4.666666667,2
Magic3D,A rectangular wooden bookshelf,2,2.666666667,0,2,2,2,3,3.666666667,3,2,4,2
Magic3D,A rectangular wrench with red patterns and hieroglyphic engravings,4,2.333333333,0,3,2,2,5,4.666666667,3.333333333,3,5,3
Magic3D,A red armchair with padded armrests,4,4,0,3.666666667,3.333333333,2.666666667,3,3.666666667,4,3,4,3.333333333
Magic3D,A red coffee mug on a table,2.333333333,4,2,2.333333333,3,2,3.333333333,4,3,2.333333333,4,2
Magic3D,A red drum with a wooden and cylindrical body,1,1,0,1,1,1,1,1,1,1,1,1
Magic3D,A red house shaped like an apple,1,1,0,1,5,3,4,5,4.666666667,3,4,2.666666667
Magic3D,A red tiger with a wicker tail,3.333333333,3,0,3,3,2,4,5,3,3,4,2.333333333
Magic3D,A robot dog below a glowing spaceship,3,2.333333333,2.666666667,2.333333333,2.333333333,2,4,3,2,2,4,3
Magic3D,A rocking chair made of amber with cloud-like foam cushions,4,2,0,2.333333333,2,2,3.333333333,4.333333333,3,2.666666667,4.666666667,3
Magic3D,A rose with petals of frosted crystal and a stem wrapped in green vines,4,3.666666667,0,4,2,1.333333333,4.333333333,4,2,2,4.333333333,2.333333333
Magic3D,"A round, red apple with a brown stem and green leaves",4,2.333333333,0,2.333333333,3.666666667,3,3,5,4.333333333,3,5,3
Magic3D,"A round chair with a cushioned seat, and carved spirals on the body",5,3.333333333,0,4,2,1.333333333,4,4,2,2,4,3
Magic3D,A round green plate like a water lily,1,1,0,1,1,1,1,1,1,1,1,1
Magic3D,A round pizza,4,4,0,4,3,2,3.666666667,4,4,2,4,2
Magic3D,A round sunflower,1,1,0,1,1,1,1,1,1,1,1,1
Magic3D,A round teapot of rainbow colors,4.666666667,4.333333333,0,4,3,3,4,4,2.333333333,3,3.666666667,4
Magic3D,A ruler and a pencil,2,0,0,2,2,1.666666667,4,4,3,2,3,2
Magic3D,A shark with a crown is holding a trident,2,1,1,1.666666667,2,1.333333333,4,3,1.666666667,2,1,1
Magic3D,A sheep wearing a dress made of glowing leaves,4,3,0,3.333333333,3,2,4,3,3,2.666666667,3,3.5
Magic3D,A sheep wearing a hoodie decorated with colorful flowers and green leaves,2.666666667,1.666666667,0,2,2,2.666666667,2,4,3,2,4,2.666666667
Magic3D,A shoe next to a sock,4,0,4,4,2,2,4,4,3.333333333,2,4.333333333,3.333333333
Magic3D,A shoe with a body shaped like a fish,4,4,0,4,3,2,4.666666667,4,3.666666667,3,4,3.333333333
Magic3D,A short and dense fern with leaves shaped like feathers,3,3.333333333,0,3,2.333333333,2,4,3.666666667,2,2.333333333,3,2.333333333
Magic3D,A short brush with gold bristles,3.333333333,2,0,3,2.666666667,2.333333333,4.333333333,4.333333333,4,2.333333333,4,3
Magic3D,"A short mushroom with a thick, rounded cap and a narrow stem",4.333333333,3,0,3.333333333,3,3,3.666666667,4,3,3,4.666666667,3
Magic3D,A silver circular ring with a gem,1,1,0,1,1,1,1,1,1,1,1,1
Magic3D,"A silver scissors with rubber handles, and a screw joint",4,2,0,2.666666667,2.333333333,2,4,3,2.666666667,2,3,2
Magic3D,A skeleton knight sitting on a throne whose armrests are adorned with intricate carvings,4,1,4,3,2.333333333,2,4,3,3,2,3,3
Magic3D,A skirt made of scales with a hem shaped like a mermaid's tail,4,1.333333333,0,2,2.666666667,2.666666667,4.333333333,4,3.666666667,2.666666667,3.666666667,2
Magic3D,A slender palm tree with fan-shaped leaves and curved branches,3.333333333,3,0,3,2,2,5,4.333333333,2.333333333,2.333333333,4,2
Magic3D,"A small, oval-shaped fish with a flat body and triangular fins",3,2,0,2,2.666666667,1.333333333,3,4,3.666666667,2,3.333333333,2
Magic3D,A small wooden ship inside a porcelain cup,3.666666667,3,4,3,2.666666667,2.666666667,3.666666667,4,3,3,4,3.333333333
Magic3D,A snail with a shell made of smooth jade,4,3,0,3,2,1.666666667,4.666666667,5,3,2,4,3
Magic3D,A snake shaped like a long tube,4,4,0,4,2.666666667,2,4,4.666666667,3.333333333,2.666666667,4,3
Magic3D,A snake with legs,4,1,0,3,2,1.666666667,4.333333333,5,3,2,4.666666667,2
Magic3D,A sneaker with blue stripes on the surface,5,5,0,5,3,2.333333333,4.666666667,4.333333333,3.666666667,3,4,3
Magic3D,A sparrow building a nest on the house with branches and leaves,1,1,1,1,1,1,1,1,1,1,1,1
Magic3D,A spiked dragon,2.333333333,4,0,3,2.666666667,2,4,2.333333333,2,2,3,2.333333333
Magic3D,A spiky green iguana with a long tail and a row of spines along its back,4,3,0,3,2,2,4,3,2,2,3,2.333333333
Magic3D,A spiky lizard with jagged wings and uneven scales on its body,2,1.333333333,0,2,2.666666667,2,3,3,2,2,2,1.666666667
Magic3D,A spoon in a bowl,1,0,1,1,1,1,1,1,1,1,1,1
Magic3D,"A spruce tree with sharp, triangular needles and a slightly curved trunk",1,1,0,1,1,1,1,1,1,1,1,1
Magic3D,A square camera,2,4,0,2.666666667,2,1,3,3,3.333333333,2,2,2
Magic3D,A square mirror surrounded by blooming flowers,1,1,0,1,1,1,1,1,1,1,1,1
Magic3D,A squirrel eating a donut,4,0,4,4,2,2,4.666666667,4,3,2,4.333333333,3
Magic3D,A squirrel jumping from a tree with an acorn in its mouth,2.333333333,1,2.666666667,2.333333333,2,2,4,4.666666667,3,2,4,2
Magic3D,A squirrel wearing a tuxedo and holding a conductor's baton,2,1,1.333333333,1.666666667,2,2,3.333333333,4,3.333333333,2.333333333,3.333333333,2
Magic3D,A starfish inside a seashell,4,0,4.333333333,4,3,2.333333333,4,3.333333333,3,3,2.666666667,2
Magic3D,A steak and potatoes,3.666666667,0,0,3.666666667,3,2,4.333333333,4,3,3,3,3
Magic3D,A steaming basket full of dumplings,3,2.333333333,0,3,2.666666667,2,4,3.666666667,2.333333333,2.666666667,4,3
Magic3D,A stone arched bridge with a hole on the surface,1,1,0,1,1,1,1,1,1,1,1,1
Magic3D,A stone castle,4.333333333,4.333333333,0,4.333333333,2,2,4,4,3,2.666666667,4.666666667,3
Magic3D,A stool below a table,2.666666667,0,2,2.333333333,2.666666667,2,4,5,2,2.666666667,5,2.666666667
Magic3D,A stool with legs like an elephant's leg and a seat like a mushroom top,4,2.333333333,0,3,3,2.666666667,4.333333333,4.333333333,2,3,4,2
Magic3D,"A striped tiger with orange fur, black stripes, and green eyes",4,3.666666667,0,4,3,1.333333333,2.333333333,3.666666667,2,2,3.666666667,2.333333333
Magic3D,A sunflower next to a rose,2,0,2,2,2,2,3,3,3,2,2.666666667,2
Magic3D,"A sunflower with a circular head, slender petals and dense foliage",1,1,0,1,1,1,1,1,1,1,1,1
Magic3D,A sunflower with a diamond center,1,1,0,1,1,1,1,1,1,1,1,1
Magic3D,A sunflower with metallic petals and a brown clock face in the middle,1,1,0,1,1,1,1,1,1,1,1,1
Magic3D,A sunflower with yellow petals and a dark brown center,2,2.333333333,0,2,2,1.666666667,2,4,2,2,3,2
Magic3D,A swan inside a crystal,3,0,2,2,2.666666667,2,2.333333333,4,3,2,3,2.333333333
Magic3D,A symmetrical bridge,1,1,0,1,1,1,1,1,1,1,1,1
Magic3D,A symmetrical dragonfly with wings made of light-colored glass,3.333333333,3,0,3,1.666666667,1,4.333333333,3,2,1.333333333,4,3
Magic3D,A table with a top like a leaf and legs like branches,4,4.333333333,0,4,2.666666667,2,3,4,2,2.666666667,4.333333333,3
Magic3D,A tall brown-furred giraffe,4,5,0,4,2.333333333,1.333333333,4,4,3,2,4.666666667,3
Magic3D,A teddy bear with a red bow,3,3.666666667,0,3,2.666666667,2.333333333,4,2.666666667,3.666666667,2.333333333,3.666666667,2.333333333
Magic3D,"A television, decorated with gold and inlaid with jewels",1,1,0,1,2,1,3,4,3,2,2.666666667,2
Magic3D,A tiger dressed as a doctor,4,4.333333333,0,4.333333333,3,2.333333333,4,4,3,3,3,3
Magic3D,A tiger driving a car,4,0,4,4,2.666666667,2,4,4,3,2.666666667,3,3.333333333
Magic3D,A tiger outside a house,2,0,2,2,2.333333333,2.333333333,3.333333333,4,3,2.666666667,4,2.333333333
Magic3D,A tiger warrior next to a stone castle,2,3,2.333333333,2,3,2.333333333,3.333333333,4,3.333333333,3,3,2.666666667
Magic3D,A tiny shark wearing a racing driver's suit and a helmet on its head,2.666666667,1,0,2,1,1,1,1,1,1,4,2
Magic3D,A tortoise with a shell that looks like stained glass,4,3.666666667,0,4,3,2,5,4.666666667,2,3,3,3
Magic3D,A tower with a pointed top,4.333333333,5,0,4.333333333,3,2,4,4,3,3.333333333,5,3
Magic3D,A tree with silver bark,1,2,0,1.333333333,1,1,1,1,1,1,1,1
Magic3D,A truck hauling a box,3.666666667,0,3,3,3,2,3,4,3,2.666666667,4,2.666666667
Magic3D,A vintage rocking chair with curved arms and a woven cane seat,4,3,0,3.333333333,2,1.333333333,4,5,1.666666667,2,5,3
Magic3D,A watermelon with golden and silver stripes,4,3,0,3,3,2,4,4,3,3,5,2
Magic3D,A whale inside a bag,3,0,3,2.666666667,3,2,4,4,4,2.666666667,3,2
Magic3D,A white ceramic vase with floral motifs,4.333333333,3,0,3.333333333,3,3,4,3.333333333,3,3,4.333333333,3
Magic3D,A white dog with wings,4,4,0,4,3,2,3,3,2.333333333,2,3,3
Magic3D,"A white headphones with soft, padded ear cups and a black headband",1,1,0,1,1,1,1,1,1,1,1,1
Magic3D,A white milk carton with a yellow logo,4,4.333333333,0,4,3,2,3.333333333,3.666666667,3,3,4,3
Magic3D,A white rabbit nibbling on a carrot,4,4,3,3.333333333,3,3,4,4.333333333,3.666666667,3,4,3.333333333
Magic3D,A white rabbit with round ears,4,3,0,3,3,2.666666667,4.666666667,4,4,3.333333333,3,2.333333333
Magic3D,A white scarf with fringed edges,1,1,0,1,1,1,1,1,1,1,1,1
Magic3D,A wide hat,4.333333333,4.333333333,0,4.333333333,2.666666667,2.333333333,4,3.666666667,3.666666667,3,4,3
Magic3D,A wide-brimmed straw hat with a black ribbon and a woven texture,5,4,0,4,3,3,5,4.666666667,2,3.666666667,5,3.333333333
Magic3D,A willow tree with silvery branches and a slender trunk,2.333333333,3,0,2.666666667,2,2,4,3,3,2,3,2
Magic3D,A wooden apple above a brass plate,3,2,4,2.333333333,2.666666667,2,4,4,3.333333333,3,4,3
Magic3D,A wooden chair with a cushioned seat placed next to a round table,3,3.333333333,2,3,2.333333333,2.333333333,5,4.666666667,3.333333333,2.666666667,4.666666667,3
Magic3D,A wooden desk with square drawers,3.333333333,4,0,3,3,2,3.333333333,4,3.333333333,2.333333333,4,2
Magic3D,A wooden dining table with cylindrical legs,4,4,0,4,2,2,3,5,2,2.333333333,5,3.333333333
Magic3D,A wooden guitar with a curved body and metal strings,4.333333333,3,0,3.666666667,3,2,4,4,3,3,4,2.333333333
Magic3D,A wooden house,4,3.333333333,0,3.666666667,2.666666667,2,4,4,3,2.666666667,4.666666667,2.666666667
Magic3D,A wooden violin,4,5,0,4,2.333333333,2,4,3,3,2,3,2.666666667
Magic3D,A yellow banana with brown spots,4,4,0,4,3,2.333333333,4,3,3.666666667,3,3,3
Magic3D,A yellow canary with a pointed beak and a copper crest on its head,3.666666667,3.333333333,0,3,3.333333333,3,3,4,4,3,4,2.333333333
Magic3D,An apple next to a banana,4,0,5,4,2,2,4,3,2.333333333,2.333333333,3,3.333333333
Magic3D,An earring designed as miniature chandeliers adorned with crystals,3,3,0,3,2,2,4,4.666666667,2,2,4,2
Magic3D,An octopus playing the piano,4.333333333,0,4.666666667,4.333333333,3,3,4,4.666666667,3,3,5,4
Magic3D,"An office building with a flat roof, and evenly spaced windows",1,1,0,1,1,1,1,1,1,1,1,1
Magic3D,An olive-shaped metal leaf,4,4,0,4,2.666666667,2,4,4,3,2.666666667,5,3.666666667
Magic3D,An orange cat with a long tail,3.333333333,3,0,3,3,3,3,4.333333333,3.666666667,3,4.333333333,3
Magic3D,An orange square chimney,4,4.666666667,0,4,3,3,4,3,3,3,4.666666667,3
Magic3D,"An oval-shaped hummingbird with thin legs, and a pointed beak",3,2.666666667,0,3,2,1,2,3.666666667,2.333333333,1.666666667,4,1.666666667
Magic3D,An owl on a boat,3,0,4,3,2.333333333,2,3,4,3,2,3,3.333333333
Magic3D,An umbrella with a curved handle,3.666666667,2,0,3,2,1.333333333,3,3.666666667,1,1.666666667,4.666666667,2.333333333
Magic3D,Several quadrangle stars on the surface of a coffee cup,1,1,0,1,1,1,1,1,1,1,1,1
Meshy,A asymmetrical flower,5,5,0,5,5,4,5,5,5,4.666666667,5,5
Meshy,A baby dragon leaning against a wolf knight,3,0,3,3,5,4,5,5,4.666666667,5,4,3
Meshy,A badge shaped like a shield,5,5,0,5,5,5,5,5,5,5,5,5
Meshy,A bag with a body shaped like a giant seashell,5,5,0,5,4.666666667,4,5,5,5,5,5,5
Meshy,A bat with fan-shaped ears and black wings with pink polka dots,5,3.333333333,0,4,5,4,5,5,5,4.666666667,5,4
Meshy,A beagle in a detective's outfit,5,5,0,5,5,4.666666667,5,5,5,5,5,5
Meshy,A bear reading the newspaper,5,0,5,5,4.333333333,4,5,4.333333333,5,4,5,4.333333333
Meshy,A bee above a flower made of red silk,5,5,5,5,4,3.333333333,4,4,4,4,5,4
Meshy,A bicycle crafted from bones of mythical creatures,5,5,0,5,4.666666667,4,4,5,5,4,5,4
Meshy,A bird on a branch,5,0,5,5,5,4.333333333,5,4,4.666666667,4.666666667,5,4.333333333
Meshy,A bird pecking at a shiny necklace on a table,3.666666667,4.333333333,3.666666667,4,4,4,5,5,5,4,5,3.666666667
Meshy,A bird with a pointed beak,4.666666667,5,0,4.666666667,4,3,4,4,4,3,3,3.666666667
Meshy,A bird with rainbow feathers,5,5,0,5,5,4,5,5,4.666666667,4,5,3.333333333
Meshy,A black bicycle with a curved handlebar,5,5,0,5,5,4.666666667,4,4.666666667,5,4.666666667,5,5
Meshy,A black camera,5,4.666666667,0,4.666666667,4.333333333,5,5,5,5,5,4.666666667,4.333333333
Meshy,A black cat,5,5,0,5,5,5,5,5,5,5,5,5
Meshy,A black cat knocking over a glass with its paw extended,4,2.333333333,3,3,3,3,3.333333333,4,3,3,4,3
Meshy,A black cat sitting on a soft cushion,5,5,5,5,4.666666667,4,5,5,5,4.666666667,5,4.333333333
Meshy,A black leather jacket with silver zippers,5,5,0,5,5,4,5,4.333333333,5,5,5,5
Meshy,A black motorcycle with rearview mirror,5,5,0,5,5,4.666666667,4.666666667,4.666666667,5,4.666666667,5,4.333333333
Meshy,A black panther with slender claws and yellow eyes,5,5,0,5,5,5,5,5,5,5,5,4.666666667
Meshy,A black tall hat with a yellow ribbon,4.333333333,5,0,4.333333333,5,5,4,5,5,4.333333333,5,4
Meshy,A blue backpack with a red printed pattern and transparent pockets on the side,5,4,0,4,5,4.666666667,5,5,5,5,5,4
Meshy,A blue butterfly on a pink flower,4,4,4,4,4.666666667,3,4,4.666666667,5,4,4,3.333333333
Meshy,A blue denim jacket draped over a chair,3,5,2.333333333,3,5,5,5,4.666666667,4.666666667,5,4,3.666666667
Meshy,A blue ottoman with a padded top,5,5,0,5,5,5,5,5,5,5,5,5
Meshy,A blue parrot perching on a tree branch,5,5,5,5,5,4,5,5,4.666666667,4.333333333,5,4.666666667
Meshy,A blue parrot with white feathers and a yellow beak,5,5,0,5,4,3.333333333,5,4,4,4,5,4
Meshy,A blue scarf,5,5,0,5,5,4,5,5,4.666666667,5,5,4.333333333
Meshy,A bonsai with metal leaves,5,4,0,4,4.666666667,4,5,4.333333333,4.666666667,4.666666667,5,4
Meshy,A bright yellow rubber duck floats in a sudsy bathtub,3,3,2,2,5,4,5,5,5,4,5,4
Meshy,A bright yellow school bus with black tires and a stop sign,5,5,0,5,5,4.666666667,5,5,5,5,5,5
Meshy,A bronze statue,5,5,0,5,5,5,5,5,5,5,5,5
Meshy,A brown bear playing with a ball of yarn,5,5,5,5,5,4.666666667,5,5,5,5,5,4.666666667
Meshy,"A brown bear with black eyes and thick, shaggy fur",5,5,0,5,5,4.333333333,5,5,5,5,5,4.666666667
Meshy,A brown dog,5,5,0,5,4.333333333,4,5,5,5,4.333333333,5,4.333333333
Meshy,A brown fox wearing a hat,5,5,0,5,5,5,5,5,5,5,5,4.666666667
Meshy,A brown horse standing near a cow,4.666666667,5,4.666666667,4.666666667,5,4,5,5,5,4.666666667,5,4.333333333
Meshy,A brown sweater with a snowflake pattern,5,5,0,5,5,4.666666667,5,4,5,5,5,5
Meshy,"A bulky elephant with a cylindrical trunk and thick, pillar-like legs",5,5,0,5,5,4.333333333,5,5,4.333333333,5,5,5
Meshy,A bush with green leaves covered with golden gemstones,4,4,0,4,3.333333333,3,3.333333333,3.333333333,4.333333333,3.333333333,4,3.333333333
Meshy,A butterfly landing on a wide-brimmed hat placed on a chair,3.666666667,4.666666667,3,3.333333333,5,4,5,4,4,4.333333333,4.333333333,3.333333333
Meshy,A butterfly on a flower,3,0,2,2,4.666666667,4,5,5,4.666666667,4.333333333,5,3.333333333
Meshy,A butterfly with blue and white pattern inside an iron oven,3,3,2.333333333,3,4.333333333,4.333333333,5,5,5,4.666666667,5,3.666666667
Meshy,A butterfly with vibrant wings resting on a blooming sunflower,5,5,5,5,4.666666667,4,5,5,5,4,5,5
Meshy,A butterfly with wings made of stained glass,5,5,0,5,5,5,5,5,5,5,5,4.666666667
Meshy,A cactus with a spiral pattern on its surface and covered with glittering golden spines,4.666666667,3.333333333,0,4,4,4,4,4,4.666666667,4,5,4.333333333
Meshy,A cactus with arms of different lengths shaped like a candelabra,5,5,0,5,4,4,5,5,5,4.333333333,5,4
Meshy,A cactus with red flowers,5,5,0,5,4,4,5,4.666666667,5,4,5,5
Meshy,A cake on a ceramic plate,5,5,5,5,5,4,5,5,4.666666667,5,5,4.333333333
Meshy,A car parked next to a red bicycle,5,0,5,5,4,4,4,4,4.333333333,4,5,4
Meshy,A car shaped like sushi,5,5,0,5,5,5,5,5,5,5,5,5
Meshy,A car with square wheels,5,3,0,4,4.333333333,4,3.666666667,4.666666667,5,4,5,4
Meshy,A castle with a rainbow-colored exterior and hieroglyphs written all over it,4.666666667,4.333333333,0,4,3.333333333,4,4,4,4,4,5,4
Meshy,"A cat, one eye missing",5,3,0,4,4.666666667,4,4.333333333,4.666666667,5,4,5,4
Meshy,A cat below a chair,4,0,4.666666667,4,4.666666667,3.666666667,4.666666667,5,5,4,4,4
Meshy,A cat curling up on a bicycle with tail batting at the seat,5,0,4,4,5,4,5,4,5,4,5,4.333333333
Meshy,A cat pawing at a toy,3.666666667,0,4,4,4,3.333333333,3,3,3.333333333,3,4,3
Meshy,A cat with two different colored eyes,5,1.333333333,0,3,4,3.666666667,4.333333333,3.666666667,4.666666667,4,4.666666667,4
Meshy,A cat with wings,5,5,0,5,4.666666667,4,5,5,5,5,5,4.666666667
Meshy,A cat wizard wearing a magic hat,5,5,0,5,4.666666667,4,5,5,4.666666667,4,5,4.666666667
Meshy,A chair with a seat shaped like a giant leaf,5,5,0,5,5,4.333333333,5,5,5,5,5,5
Meshy,A chair with legs made of vines and a gradient seat that changes from purple to red,5,3,0,3.333333333,5,4.666666667,5,4.666666667,5,5,4.333333333,2.666666667
Meshy,A cherry blossom tree with pink petals and gray branches,5,4.666666667,0,4.666666667,3.333333333,3.333333333,4,4,4.333333333,4,5,3.666666667
Meshy,A chimpanzee carrying a backpack,5,0,5,5,4.666666667,4.333333333,5,5,5,4.666666667,5,5
Meshy,A church with a tall steeple located near a modern house with large windows,5,5,5,5,5,4.666666667,5,4,4.666666667,4.333333333,5,4
Meshy,A circular white clock,4.666666667,4.666666667,0,4.333333333,4,4.666666667,5,4,4,4.333333333,3,3.666666667
Meshy,"A clay vase with a round base, and a floral pattern",5,5,0,5,4.666666667,5,5,5,5,5,5,5
Meshy,A collection of fresh vegetables arranged in a wicker basket,4.666666667,4,4.666666667,4,5,4,5,4.666666667,4.666666667,4.666666667,5,5
Meshy,A colored mushroom growing on a log,5,5,5,5,5,5,5,5,5,5,5,5
Meshy,A colorful dragonfly on a desk with wings opening,3,5,2.333333333,3,5,4,5,5,5,4,5,4
Meshy,"A colorful fruit salad with sliced strawberries, and blueberries",5,4.666666667,0,4.666666667,4,3.333333333,5,5,5,4,5,3.666666667
Meshy,A colorful ladybug in a glass bottle,4,3,3.333333333,3,4,4,5,5,5,4,4,4.333333333
Meshy,A conical castle tower with a pointed roof and arched windows,5,5,0,5,5,5,5,4.666666667,5,5,5,5
Meshy,A conical tower,5,5,0,5,5,5,5,5,5,5,5,5
Meshy,A corgi dog lying on a sofa with head resting on a cushion,4,0,3.666666667,4,5,4,5,5,5,4.333333333,5,4
Meshy,A crocodile below a table,4,0,4,4,4.666666667,4,4,4.666666667,5,4,3.333333333,4
Meshy,A crystal key hanging on a metal hook,5,5,5,5,5,4.333333333,5,4.666666667,5,4.666666667,5,5
Meshy,A cup full of colorful pens and pencils,5,4,0,4,5,4,5,4.666666667,4.666666667,4.333333333,5,4
Meshy,A curved brush,2,2,0,2,4.666666667,3,4.333333333,4,5,4,4.666666667,3.333333333
Meshy,A cylindrical chair,5,4.666666667,0,5,5,4.333333333,5,5,4.666666667,5,5,4.666666667
Meshy,A deer standing near the ruins of a stone castle with ears perking up,3,3,2,2,4.333333333,4.333333333,5,5,4.666666667,4.666666667,5,3
Meshy,A deer with antlers of various sizes in the shape of branches,5,3.666666667,0,4,4.666666667,4,5,5,5,4.666666667,5,4.333333333
Meshy,A delicate porcelain teacup painted with flowers rests on a saucer,5,5,5,5,5,4.333333333,5,5,5,5,5,5
Meshy,A delicious sandwich next to a pile of crispy,3,0,3,3,4.666666667,4,5,4.666666667,4.666666667,4.333333333,5,4
Meshy,A dog barking at a cat,4.333333333,0,4,4,5,4,5,4.333333333,5,4,4,4
Meshy,A dog eating a piece of bread on the table with tail raising,3.666666667,5,3,3.666666667,5,4,5,5,5,4,5,3.666666667
Meshy,A dog sitting next to a white cat,5,5,5,5,5,4,5,4,4.666666667,4,5,4.333333333
Meshy,A dog wearing extremely cool sneakers,5,5,0,5,5,4,5,5,5,4.333333333,5,4.333333333
Meshy,A dog with a beard and ears shaped like butterfly wings,5,4.666666667,0,4.666666667,4.333333333,4,5,5,4.333333333,4.333333333,5,4
Meshy,A dragon curled up on a floating sofa with tail wrapped around a cushion,5,0,4.333333333,4.333333333,4.333333333,4,5,4.333333333,5,4,5,5
Meshy,A dragon holding a staff wrapped in glowing vines with a crown on his head,5,3,5,4,5,5,5,5,5,5,5,4.666666667
Meshy,A dragon with metallic scales,5,5,0,5,4.666666667,4.666666667,5,5,5,4.666666667,5,4.333333333
Meshy,A dragonfly in a water tank,3.333333333,0,2.333333333,2,4.666666667,4,5,5,5,4.333333333,5,4
Meshy,A drone with balanced propellers,5,5,0,5,5,4,5,4,5,5,5,4
Meshy,A duck chasing a toy boat,5,5,4.333333333,4.333333333,4,3,4.666666667,4.666666667,4.333333333,4,5,4
Meshy,A fat owl wearing a black gown,5,5,0,5,5,4.666666667,5,5,4.666666667,4.666666667,5,4.333333333
Meshy,A fat penguin,5,5,0,5,5,4.666666667,5,5,5,5,5,5
Meshy,A fat wolf with pink fur,5,5,0,5,5,4.666666667,5,5,5,5,5,4.666666667
Meshy,A fish with deep black scales speckled with stars,5,5,0,5,4.666666667,4,5,5,5,5,5,5
Meshy,A fish-shaped shoe,5,5,0,5,5,4,5,5,5,5,5,4.666666667
Meshy,A floral dress hanging on a coat rack,5,5,5,5,4.666666667,4.333333333,5,4.666666667,5,4.333333333,5,5
Meshy,A flower on a table,5,0,5,5,5,4,5,4.333333333,5,4,5,4.333333333
Meshy,A flower that blooms petals shaped like butterflies,5,4.333333333,0,4.333333333,4.666666667,5,4.333333333,5,4.666666667,5,4.333333333,4
Meshy,A flower with petals made of soft pink silk,5,5,0,5,5,4,4,5,5,4.666666667,5,4.666666667
Meshy,A flower with round copper petals,5,5,0,5,5,4,5,5,5,4.666666667,5,4.666666667
Meshy,A flower with star-shaped petals,5,2,0,3,4.666666667,4,5,5,4.666666667,4.666666667,4.333333333,4
Meshy,A fluffy cat lying on its back on a couch,3,4,3,3.333333333,4,3,4,3.333333333,5,3.666666667,4,2.333333333
Meshy,A footballer kicking a ball,5,0,5,5,4.333333333,4.333333333,5,5,4,4.333333333,5,4.5
Meshy,A fox holding a basketball,5,0,5,5,4.666666667,4,5,5,5,4,5,5
Meshy,A fox lying on a couch and watching television with a coffee cup in his hand,4,5,4,4,4,4,5,5,5,4,5,4.333333333
Meshy,A fox on a maple leaf with tail draped over the edges,5,0,5,5,5,4,5,4,5,4.333333333,3.666666667,4
Meshy,A fox taking a photograph using a DSLR,5,0,5,5,4,4,5,5,5,4,5,4
Meshy,A fox wearing a tailored suit and a tie,5,5,0,5,5,4.666666667,5,4,4.333333333,4.333333333,5,4.333333333
Meshy,"A fox with a bushy, crescent-shaped tail and pointed ears",5,5,0,5,5,4.666666667,5,5,5,5,5,4.666666667
Meshy,"A fox with nine tails, each of which is made of metal",5,4,0,4,5,5,5,5,5,5,5,4.333333333
Meshy,A frog inside a refrigerator full of fruits and vegetables,3.666666667,4.333333333,4.666666667,4,4,3.666666667,5,5,5,4,3,4
Meshy,A frog on a lily pad,5,0,5,5,4.666666667,4.333333333,4.666666667,5,5,4.333333333,5,4
Meshy,A frog with a mechanical heart,5,5,0,5,5,4,5,5,5,5,5,4.333333333
Meshy,A fruit basket filled with apples and oranges on a table,3,5,2,3,5,4,5,5,4.666666667,4,5,3.666666667
Meshy,A fruit basket holding apples,5,0,5,5,5,4,5,5,4,4.333333333,5,4.666666667
Meshy,A fruit basket on a table,3,0,2,2.333333333,5,4,5,5,4.666666667,4.666666667,5,4
Meshy,A gaming console with a gray plastic shell and red buttons,4.333333333,4.666666667,0,4.333333333,4.666666667,4,5,5,5,4.333333333,5,4.666666667
Meshy,A giant ant standing on a blue crystal ball,5,5,5,5,4.666666667,4.666666667,5,5,5,4.666666667,5,5
Meshy,A goat drinking beer,5,0,5,5,5,4.333333333,5,5,5,5,5,4.333333333
Meshy,A gold necklace lying on a wooden table next to a pair of earrings,4,3,3,3.666666667,4.666666667,4,5,4.666666667,4.666666667,4.666666667,5,4
Meshy,A gold necklace with a circular pendant,5,5,0,5,5,4,5,5,5,5,5,4.666666667
Meshy,A golden croissant with a flaky layer of butter and a smooth finish,5,3.333333333,0,4,5,4.666666667,5,5,4.666666667,5,5,4
Meshy,A golden motorcycle,5,5,0,5,4,4,4,4,5,4.333333333,5,4.666666667
Meshy,A golden ring with a miniature castle built atop the band,5,5,0,5,5,4.666666667,5,5,5,5,5,5
Meshy,A goldfish on a guitar,5,0,5,5,4.333333333,4,5,4.666666667,5,4.666666667,4,3.333333333
Meshy,A gray car shaped like a toast,5,5,0,5,5,5,5,5,5,5,5,5
Meshy,A gray cotton t-shirt with a printed logo,5,5,0,5,5,4,5,5,5,5,5,4
Meshy,A gray dog licking an ice cream cone,5,5,5,5,5,4,5,5,5,4.333333333,5,4
Meshy,A gray elephant with a long trunk,5,5,0,5,5,5,5,5,5,5,5,5
Meshy,A gray horse with a long mane and wrinkled skin,5,5,0,5,4.666666667,4,5,5,5,5,5,4
Meshy,A gray knife shaped like a leaf,5,5,0,5,4.333333333,4,5,4,4.333333333,4,5,5
Meshy,A gray skyscraper with rectangular windows,5,5,0,5,5,4.666666667,5,5,5,5,5,5
Meshy,A gray submarine resembling a giant fish,5,5,0,5,5,4.666666667,5,5,5,5,5,5
Meshy,A gray wrench,5,4.666666667,0,5,5,5,5,4.666666667,5,5,5,4.333333333
Meshy,A green bowl with a wide rim and a ceramic texture,5,5,0,5,5,4,5,5,5,5,5,4.666666667
Meshy,A green cactus in a clay pot,5,5,5,5,4.666666667,4,5,4.333333333,4.666666667,4.333333333,5,4.333333333
Meshy,A green cactus with sharp spines,5,5,0,5,5,5,5,5,5,5,5,5
Meshy,A green flute with a cylindrical shape and finger holes,5,4.333333333,0,4.333333333,5,5,5,5,5,5,5,5
Meshy,A phoenix with a long beak and wings shaped like a flame fan,5,5,0,5,4.666666667,3.666666667,5,4.666666667,4.333333333,4.333333333,3,4
Meshy,A phoenix with golden feathers,5,5,0,5,4,4,5,3.666666667,4.666666667,4,3,3.666666667
Meshy,A piano with keys that sparkle like crushed diamonds,5,4.333333333,0,4.333333333,4,4,4.666666667,5,5,4,5,4
Meshy,A pig playing a drum set,5,0,5,5,5,4,5,5,4.333333333,4,5,4
Meshy,A pigeon reading a book,5,0,5,5,5,4,5,5,5,4,5,4
Meshy,A pile of burning firewood in a refrigerator with the door open,5,5,5,5,4.333333333,4.333333333,4,4,5,4,3.666666667,4
Meshy,"A pine tree with a tall, conical form",4.666666667,4.333333333,0,4.333333333,4,4,4.666666667,4.666666667,4.666666667,4,5,4
Meshy,A pink boat,5,5,0,5,4,3.333333333,5,4.333333333,5,4,5,4
Meshy,A pink cherry blossom with a slender branch,4,4.666666667,0,4,5,5,5,5,5,5,5,4
Meshy,A pink desk lamp shaped like a trumpet flower,5,5,0,5,5,4,4.666666667,5,5,4.333333333,5,5
Meshy,A pink pig with a curly tail,4,4.666666667,0,4,4,3.333333333,4,5,4,4,5,4
Meshy,A pink rose with a ruby in the center,5,3,0,4,5,5,5,5,5,5,5,4
Meshy,A pink shark,5,5,0,5,5,4,5,5,5,4.666666667,5,5
Meshy,A pink smartwatch with a square face and a silicone band,5,5,0,5,5,4.333333333,5,5,5,5,5,4.666666667
Meshy,A pink vase filled with white lilies,5,5,0,5,5,4,5,4.666666667,5,5,5,4.666666667
Meshy,A pirate digging for treasure with a rusty shovel,5,5,5,5,5,4.333333333,5,5,4.666666667,4.666666667,5,4.333333333
Meshy,A pizza placed beside a fresh salad,5,4,5,4.666666667,4,3,5,5,4.333333333,4,4.333333333,4.333333333
Meshy,A plant with rainbow leaves in a clay pot,5,5,5,5,5,5,5,5,5,5,5,5
Meshy,A pot shaped like a lotus leaf with a golden pattern on the surface,5,5,0,5,5,4.666666667,5,5,5,4.666666667,5,5
Meshy,A pottery bowl with hand-painted flowers,5,5,0,5,5,4,5,5,5,5,5,4.666666667
Meshy,A purple shirt with a square collar and buttoned front,5,5,0,5,5,5,4.666666667,4.666666667,5,4.666666667,5,4.666666667
Meshy,A pyramidal bottle with glowing liquid,5,5,0,5,5,4.333333333,5,5,5,4.333333333,5,4.333333333
Meshy,A rabbit chewing a shoe,5,0,5,5,4.666666667,3.333333333,5,4,4,4,4,4
Meshy,A rabbit kissing a fox,3.666666667,0,3.666666667,3.666666667,4,3.666666667,5,4,4.666666667,4,3.333333333,3.333333333
Meshy,A rabbit pirate casting a spell with a magic wand,5,0,5,5,5,4,5,4,4.666666667,4,5,5
Meshy,A rabbit wearing a dress,5,5,0,5,4.666666667,4.333333333,5,5,4.333333333,5,5,4.666666667
Meshy,A raccoon detective on a rainbow bridge,5,5,5,5,5,4,5,5,5,5,5,5
Meshy,A raccoon holding a goblet that shimmers with a rainbow of colors,5,5,5,5,4.666666667,4,5,5,5,4,5,4.666666667
Meshy,A raccoon nibbling on a fallen walnut with paws holding the nut,5,0,5,5,4.666666667,3.333333333,5,5,5,4,5,5
Meshy,A raccoon under a cable car with tail curling around the handle,3.666666667,0,2.333333333,3,5,5,5,5,5,5,4.333333333,3.666666667
Meshy,A raccoon wearing a helmet piloting an airplane,5,5,5,5,4.666666667,4,5,5,5,4,5,4.5
Meshy,A raccoon wearing a white chef's hat and red apron with floral patterns,5,5,0,5,5,5,5,4,5,4.333333333,3.666666667,3.666666667
Meshy,A rainbow-colored rabbit with protruding front teeth,5,5,0,5,5,3.666666667,5,5,5,4.333333333,5,4.333333333
Meshy,A rectangular belt with a flat buckle and evenly spaced holes,5,4,0,4,5,4,5,5,5,4.666666667,4.666666667,4
Meshy,A rectangular car,5,5,0,5,5,4.333333333,5,5,5,5,5,5
Meshy,A rectangular wooden bookshelf,5,5,0,5,5,4.333333333,5,5,5,5,3.666666667,4
Meshy,A rectangular wrench with red patterns and hieroglyphic engravings,5,5,0,5,5,4.666666667,5,5,5,5,5,5
Meshy,A red armchair with padded armrests,5,5,0,5,5,5,5,5,5,5,5,5
Meshy,A red coffee mug on a table,4,4.666666667,4,4,5,4,4,4,5,4,4.666666667,4
Meshy,A red drum with a wooden and cylindrical body,5,5,0,5,5,4,5,5,5,5,5,5
Meshy,A red house shaped like an apple,5,5,0,5,5,5,5,5,5,5,5,5
Meshy,A red tiger with a wicker tail,5,5,0,5,5,4,5,5,5,4.666666667,5,4.666666667
Meshy,A robot dog below a glowing spaceship,3,3,2.666666667,2.666666667,5,4.333333333,4.666666667,4.666666667,4,4,5,4
Meshy,A rocking chair made of amber with cloud-like foam cushions,5,5,0,5,5,4,5,5,4,4,5,4
Meshy,A rose with petals of frosted crystal and a stem wrapped in green vines,4.666666667,3,0,3,4,4,5,4.666666667,5,4,4.666666667,3.333333333
Meshy,"A round, red apple with a brown stem and green leaves",5,5,0,5,5,4.333333333,5,5,5,4.666666667,4,4
Meshy,"A round chair with a cushioned seat, and carved spirals on the body",5,4.666666667,0,5,5,5,5,5,5,5,5,5
Meshy,A round green plate like a water lily,5,5,0,5,5,4.666666667,5,5,5,5,5,5
Meshy,A round pizza,5,5,0,5,5,4,5,5,5,5,5,4.666666667
Meshy,A round sunflower,5,5,0,5,5,4,5,5,5,4.666666667,5,3.666666667
Meshy,A round teapot of rainbow colors,5,5,0,5,5,5,5,5,5,5,5,5
Meshy,A ruler and a pencil,4,0,0,4,4.666666667,4.666666667,4.666666667,4.333333333,5,4.333333333,5,4
Meshy,A shark with a crown is holding a trident,5,5,5,5,4.666666667,3.666666667,4.666666667,5,4,4,5,4
Meshy,A sheep wearing a dress made of glowing leaves,5,4,0,4,5,3.666666667,5,5,4.666666667,4,5,4
Meshy,A sheep wearing a hoodie decorated with colorful flowers and green leaves,5,5,0,5,5,4,5,5,5,5,5,4.666666667
Meshy,A shoe next to a sock,4,0,2,3,3.666666667,3,4.666666667,5,4,4,5,4
Meshy,A shoe with a body shaped like a fish,5,4,0,4,4.666666667,4,4.333333333,4.666666667,5,4,3.333333333,4
Meshy,A short and dense fern with leaves shaped like feathers,4,3,0,3,4,3.666666667,4.666666667,4.666666667,4.666666667,4,4.333333333,3
Meshy,A short brush with gold bristles,5,5,0,5,5,4,5,5,4.666666667,4.333333333,5,4
Meshy,"A short mushroom with a thick, rounded cap and a narrow stem",5,5,0,5,4.666666667,4.333333333,5,5,5,5,5,4.666666667
Meshy,A silver circular ring with a gem,5,5,0,5,4.666666667,4,5,5,5,4,5,4.666666667
Meshy,"A silver scissors with rubber handles, and a screw joint",4,4.666666667,0,4,4.666666667,4,4,4.666666667,5,4,4.666666667,3.333333333
Meshy,A skeleton knight sitting on a throne whose armrests are adorned with intricate carvings,5,4.333333333,5,4.333333333,4.666666667,4.666666667,5,5,4.666666667,4.666666667,5,4.666666667
Meshy,A skirt made of scales with a hem shaped like a mermaid's tail,5,4.666666667,0,4.666666667,4.666666667,4.666666667,4.666666667,4.333333333,4.666666667,4.666666667,5,5
Meshy,A slender palm tree with fan-shaped leaves and curved branches,5,4.333333333,0,4.666666667,4.666666667,4,5,5,5,4,5,4.666666667
Meshy,"A small, oval-shaped fish with a flat body and triangular fins",4.666666667,4,0,4,3.666666667,3.666666667,5,4,4,4,5,4
Meshy,A small wooden ship inside a porcelain cup,5,5,5,5,4.666666667,4,5,4.666666667,4.666666667,4,5,4.666666667
Meshy,A snail with a shell made of smooth jade,4.666666667,5,0,4.666666667,5,4,5,5,5,5,5,5
Meshy,A snake shaped like a long tube,5,4,0,4,5,5,4,5,5,4,4.666666667,4
Meshy,A snake with legs,5,4.666666667,0,4.666666667,3.666666667,3.666666667,4.333333333,3,5,3.666666667,5,3
Meshy,A sneaker with blue stripes on the surface,5,5,0,5,5,4.333333333,5,5,5,5,5,4
Meshy,A sparrow building a nest on the house with branches and leaves,3.333333333,3,1.666666667,2.333333333,4,3.333333333,4.666666667,4,4,4,4,3.333333333
Meshy,A spiked dragon,5,5,0,5,5,4,5,5,5,5,5,5
Meshy,A spiky green iguana with a long tail and a row of spines along its back,5,4.333333333,0,4.333333333,4,4,5,4.666666667,5,4,5,3.333333333
Meshy,A spiky lizard with jagged wings and uneven scales on its body,4,3,0,4,4.333333333,4,5,5,5,4.666666667,5,4
Meshy,A spoon in a bowl,5,0,5,5,4.666666667,4,5,5,4,4,5,4.333333333
Meshy,"A spruce tree with sharp, triangular needles and a slightly curved trunk",4.666666667,2,0,3,4,4,5,4.666666667,5,4.333333333,5,4
Meshy,A square camera,5,5,0,5,5,4,5,5,5,4.333333333,5,4
Meshy,A square mirror surrounded by blooming flowers,5,5,0,5,5,5,5,5,5,5,5,5
Meshy,A squirrel eating a donut,5,0,5,5,4.666666667,3,5,5,4.666666667,4,4,4.333333333
Meshy,A squirrel jumping from a tree with an acorn in its mouth,3,4.666666667,2,3.333333333,5,3.666666667,5,4.666666667,5,4,5,3.666666667
Meshy,A squirrel wearing a tuxedo and holding a conductor's baton,5,5,5,5,5,4,5,4.333333333,4.666666667,4.333333333,5,5
Meshy,A starfish inside a seashell,4.333333333,0,4.333333333,4.333333333,4,4,4,4,4,4,3,2.666666667
Meshy,A steak and potatoes,5,0,0,5,5,4,5,5,5,4.666666667,5,4.666666667
Meshy,A steaming basket full of dumplings,5,5,0,5,4,4,5,4.333333333,4,4,5,5
Meshy,A stone arched bridge with a hole on the surface,5,5,0,5,4.666666667,4.666666667,5,5,4.333333333,4.666666667,5,5
Meshy,A stone castle,5,5,0,5,4.666666667,4,5,4.666666667,4.666666667,5,3.666666667,4
Meshy,A stool below a table,3,0,2,2.333333333,5,4,5,5,5,4.666666667,5,3.666666667
Meshy,A stool with legs like an elephant's leg and a seat like a mushroom top,5,4.333333333,0,5,4.666666667,4,5,5,5,4.333333333,4.333333333,4.333333333
Meshy,"A striped tiger with orange fur, black stripes, and green eyes",5,5,0,5,4,4.333333333,5,5,5,5,5,4.333333333
Meshy,A sunflower next to a rose,5,0,5,5,5,4,5,5,5,5,5,4.333333333
Meshy,"A sunflower with a circular head, slender petals and dense foliage",5,4.666666667,0,4.666666667,4.666666667,4.666666667,5,4,4,4.333333333,5,4
Meshy,A sunflower with a diamond center,5,5,0,5,5,4,4.666666667,4.333333333,5,5,5,5
Meshy,A sunflower with metallic petals and a brown clock face in the middle,4.666666667,5,0,4.666666667,4.666666667,4.666666667,5,4.333333333,4.666666667,4.666666667,3,4.333333333
Meshy,A sunflower with yellow petals and a dark brown center,5,5,0,5,5,5,5,5,5,5,5,5
Meshy,A swan inside a crystal,4.333333333,0,4,4,5,4,5,5,4,4,3,3
Meshy,A symmetrical bridge,5,5,0,5,4.666666667,4.333333333,5,5,5,4.666666667,5,5
Meshy,A symmetrical dragonfly with wings made of light-colored glass,5,4.333333333,0,4.333333333,4.666666667,4,5,5,5,4.333333333,5,4
Meshy,A table with a top like a leaf and legs like branches,5,3,0,4,5,4,5,5,5,5,5,3.333333333
Meshy,A tall brown-furred giraffe,5,4.666666667,0,4.666666667,4.666666667,4,5,5,4.666666667,4,5,3.333333333
Meshy,A teddy bear with a red bow,5,5,0,5,5,5,5,5,3,5,5,5
Meshy,"A television, decorated with gold and inlaid with jewels",5,5,0,5,4.666666667,4.333333333,5,5,4.666666667,4.333333333,5,4.333333333
Meshy,A tiger dressed as a doctor,5,5,0,5,5,3,5,5,5,4.333333333,4.333333333,4
Meshy,A tiger driving a car,5,0,5,5,4,4,5,4.666666667,5,4,5,4.5
Meshy,A tiger outside a house,3,0,2,2.333333333,5,4,5,5,5,4.666666667,5,3.333333333
Meshy,A tiger warrior next to a stone castle,3,1,2,2.333333333,4.666666667,4.666666667,5,4,4.333333333,4,5,3.5
Meshy,A tiny shark wearing a racing driver's suit and a helmet on its head,5,5,0,5,5,4.666666667,5,5,4.666666667,4.666666667,5,5
Meshy,A tortoise with a shell that looks like stained glass,5,4.666666667,0,5,5,5,5,5,4.333333333,5,5,4.666666667
Meshy,A tower with a pointed top,5,5,0,5,3.666666667,4,5,4.333333333,5,4.666666667,5,4.666666667
Meshy,A tree with silver bark,4.666666667,5,0,4.666666667,4,3.666666667,4.666666667,4.666666667,5,4,5,4
Meshy,A truck hauling a box,4,0,3,3,5,4.333333333,5,5,5,5,5,4.666666667
Meshy,A vintage rocking chair with curved arms and a woven cane seat,5,4,0,4.333333333,5,4,4.333333333,5,5,5,5,4
Meshy,A watermelon with golden and silver stripes,4.333333333,3,0,3.666666667,5,3,5,5,5,4,3,3
Meshy,A whale inside a bag,4,0,4,4,4,4,5,4.666666667,4,4.333333333,3,3
Meshy,A white ceramic vase with floral motifs,5,5,0,5,5,4.333333333,5,5,5,5,5,4.666666667
Meshy,A white dog with wings,5,5,0,5,4.666666667,4,5,4,4,4.333333333,5,4.333333333
Meshy,"A white headphones with soft, padded ear cups and a black headband",5,4,0,4.333333333,5,4,5,5,5,5,5,4
Meshy,A white milk carton with a yellow logo,5,5,0,5,5,4,5,5,5,5,5,5
Meshy,A white rabbit nibbling on a carrot,5,5,5,5,5,4,4.666666667,5,5,4.333333333,5,4.333333333
Meshy,A white rabbit with round ears,5,3,0,3.666666667,5,4.333333333,5,5,5,4.333333333,5,4
Meshy,A white scarf with fringed edges,5,4,0,4,4,4,4,5,4,4,5,3.666666667
Meshy,A wide hat,5,5,0,5,5,4,5,4,5,4.666666667,5,4
Meshy,A wide-brimmed straw hat with a black ribbon and a woven texture,5,5,0,5,5,4.333333333,5,5,5,5,5,4.333333333
Meshy,A willow tree with silvery branches and a slender trunk,5,5,0,5,4.666666667,4,5,5,5,4,5,4.333333333
Meshy,A wooden apple above a brass plate,5,3.666666667,4,4,5,4.333333333,5,5,5,5,5,4
Meshy,A wooden chair with a cushioned seat placed next to a round table,3,3,2.333333333,2.333333333,5,5,5,5,5,5,5,4
Meshy,A wooden desk with square drawers,5,5,0,5,5,5,5,5,5,5,5,5
Meshy,A wooden dining table with cylindrical legs,5,5,0,5,5,5,5,5,5,5,5,5
Meshy,A wooden guitar with a curved body and metal strings,5,5,0,4,5,5,5,5,5,5,3,4
Meshy,A wooden house,5,5,0,5,5,5,4.333333333,5,5,5,5,5
Meshy,A wooden violin,5,5,0,5,5,4.333333333,5,4.333333333,5,5,5,4.666666667
Meshy,A yellow banana with brown spots,5,5,0,5,5,4.666666667,5,5,5,5,5,4.666666667
Meshy,A yellow canary with a pointed beak and a copper crest on its head,4,4,0,4,4,3,5,4,5,4,4.333333333,3.666666667
Meshy,An apple next to a banana,5,0,5,5,5,4,5,4.666666667,4.666666667,4.333333333,5,4.333333333
Meshy,An earring designed as miniature chandeliers adorned with crystals,4,5,0,4,5,4.666666667,5,5,5,5,5,4
Meshy,An octopus playing the piano,4,0,4.666666667,4,4.666666667,4,4.333333333,3,4.333333333,3.333333333,3,3.333333333
Meshy,"An office building with a flat roof, and evenly spaced windows",5,5,0,5,5,4.666666667,5,5,5,5,5,4.666666667
Meshy,An olive-shaped metal leaf,5,5,0,5,5,5,5,5,5,5,5,5
Meshy,An orange cat with a long tail,5,5,0,5,5,4.666666667,5,5,5,5,5,5
Meshy,An orange square chimney,5,5,0,5,5,4.333333333,5,4,5,5,5,5
Meshy,"An oval-shaped hummingbird with thin legs, and a pointed beak",4.333333333,4,0,4,4,3.333333333,5,5,5,4,4,4
Meshy,An owl on a boat,4.333333333,0,4.333333333,4.333333333,4.666666667,3,5,4,5,4,3,3
Meshy,An umbrella with a curved handle,5,5,0,5,4.666666667,4,4.666666667,5,5,4.666666667,5,4.666666667
Meshy,Several quadrangle stars on the surface of a coffee cup,5,3,0,3.666666667,5,4,5,5,5,4.666666667,5,4.333333333
One2345++,A asymmetrical flower,4,4.666666667,0,4,3,4,3,4,4,4,4.333333333,3.333333333
One2345++,A baby dragon leaning against a wolf knight,3,0,2,2,4,4,4.333333333,4,4,4,5,3.333333333
One2345++,A badge shaped like a shield,5,5,0,5,3.333333333,4,5,4,4.333333333,4,5,4.333333333
One2345++,A bag with a body shaped like a giant seashell,1,2.666666667,0,2,4,4,5,4,3.666666667,4,4,2
One2345++,A bat with fan-shaped ears and black wings with pink polka dots,3.333333333,2.333333333,0,2.333333333,4,4,3.666666667,4,4,4,4.333333333,3
One2345++,A beagle in a detective's outfit,4,3,0,3.333333333,3.666666667,4,4,3.666666667,3.666666667,4,4.666666667,3.666666667
One2345++,A bear reading the newspaper,5,0,4.666666667,5,3.333333333,3,4,4,3.333333333,3.333333333,5,4
One2345++,A bee above a flower made of red silk,3,4,2,2.666666667,4,4,4,4,3.666666667,4,4,3
One2345++,A bicycle crafted from bones of mythical creatures,4,3,0,3,3,3.333333333,2,3.666666667,2.666666667,2.666666667,4,3
One2345++,A bird on a branch,3,0,2,2,3,3,4,4,4,3.666666667,4,3
One2345++,A bird pecking at a shiny necklace on a table,3.666666667,2,3.666666667,3,3,3,4,4,3.666666667,3.333333333,4,3.333333333
One2345++,A bird with a pointed beak,4,5,0,4,3,3,4,4,3.333333333,3.333333333,5,2.666666667
One2345++,A bird with rainbow feathers,3.666666667,4,0,4,3,3,3,3.666666667,4,3,4,3
One2345++,A black bicycle with a curved handlebar,5,4,0,4.333333333,3,3,3,4,3,3.333333333,5,3.666666667
One2345++,A black camera,4,4.333333333,0,4,3.666666667,3,4,4,4,3,3.666666667,3
One2345++,A black cat,4,4.666666667,0,4,4,3,3,4,3,3,4,3
One2345++,A black cat knocking over a glass with its paw extended,3,3,2,2,2.666666667,2,3,3,3,2,3.5,2
One2345++,A black cat sitting on a soft cushion,4.333333333,5,4.333333333,4.333333333,3,2.333333333,3.333333333,4,4,3,4.333333333,3
One2345++,A black leather jacket with silver zippers,4.333333333,3,0,4,4,4,5,4,4,4,5,3.666666667
One2345++,A black motorcycle with rearview mirror,4,3,0,3.333333333,3,3,4,3,3,3,4.333333333,3
One2345++,A black panther with slender claws and yellow eyes,3,4,0,3,3,3,3,3.666666667,4,3,5,3.666666667
One2345++,A black tall hat with a yellow ribbon,5,5,0,5,4.666666667,5,5,4.666666667,5,5,5,4
One2345++,A blue backpack with a red printed pattern and transparent pockets on the side,4,3.333333333,0,4,3,3,3,3,3.666666667,3,4,3
One2345++,A blue butterfly on a pink flower,4,4,3,3.666666667,3.333333333,3.333333333,4,3.333333333,3,3.666666667,5,4
One2345++,A blue denim jacket draped over a chair,4,4,4,4,3.333333333,3.333333333,4.333333333,4,3.666666667,4,4,2.666666667
One2345++,A blue ottoman with a padded top,5,5,0,5,4.666666667,4,5,5,5,4.666666667,5,4.666666667
One2345++,A blue parrot perching on a tree branch,4,4,4,4,4,3.333333333,4,4,3.666666667,3.666666667,5,4
One2345++,A blue parrot with white feathers and a yellow beak,5,5,0,5,4,4,4.666666667,4,3.666666667,4,5,4
One2345++,A blue scarf,3.333333333,4,0,3.333333333,3.333333333,4,4,4,4,4,4.666666667,4
One2345++,A bonsai with metal leaves,4.333333333,3,0,3.666666667,3,3,4,3.666666667,3.333333333,3.333333333,5,2.666666667
One2345++,A bright yellow rubber duck floats in a sudsy bathtub,4,3,4,3,3,3,3,3,3,3,4,3.666666667
One2345++,A bright yellow school bus with black tires and a stop sign,4.333333333,3.666666667,0,3.666666667,2.333333333,2.333333333,3.666666667,3.666666667,3,3,4,3
One2345++,A bronze statue,4.666666667,4,0,4,3,3.333333333,3.666666667,4,3,3.333333333,4.333333333,3
One2345++,A brown bear playing with a ball of yarn,4,5,4.666666667,4,3.666666667,3,4,3.666666667,4,3.666666667,5,3.666666667
One2345++,"A brown bear with black eyes and thick, shaggy fur",5,3.666666667,0,4,4,3.333333333,4,4,3,3.666666667,5,3
One2345++,A brown dog,5,5,0,5,4,4,4.333333333,4,4.666666667,4,5,4
One2345++,A brown fox wearing a hat,4,4.666666667,0,4,4,4,3.666666667,4,3.333333333,4,4.333333333,3.333333333
One2345++,A brown horse standing near a cow,3,4,2,3,3.333333333,4,4,4,3.666666667,4,4.666666667,2.333333333
One2345++,A brown sweater with a snowflake pattern,5,4.333333333,0,4.666666667,3.333333333,3,4.333333333,4.666666667,4.333333333,4,5,4
One2345++,"A bulky elephant with a cylindrical trunk and thick, pillar-like legs",4.666666667,4,0,4,3,3.333333333,3.333333333,3.666666667,4,3.333333333,4,3
One2345++,A bush with green leaves covered with golden gemstones,2,1,0,1,2.666666667,2,3.333333333,3,3,2,4,2
One2345++,A butterfly landing on a wide-brimmed hat placed on a chair,2,4.333333333,1.333333333,2,4,4,4,4,4,4,4.666666667,2
One2345++,A butterfly on a flower,4,0,4,4,3,3.666666667,3.333333333,3,3.333333333,3.333333333,4,3
One2345++,A butterfly with blue and white pattern inside an iron oven,2.333333333,2,2,2,2.666666667,2.333333333,3,4,3,2.333333333,4.5,2
One2345++,A butterfly with vibrant wings resting on a blooming sunflower,4,4,4.333333333,4,3,3,3.333333333,3.333333333,3,3.333333333,4,3.666666667
One2345++,A butterfly with wings made of stained glass,5,5,0,5,4,4,3,4,4,4,5,4
One2345++,A cactus with a spiral pattern on its surface and covered with glittering golden spines,1,1,0,1,1,1,1,1,1,1,1,1
One2345++,A cactus with arms of different lengths shaped like a candelabra,4,4,0,4,3,3.333333333,3,4,4,3,4.333333333,2.333333333
One2345++,A cactus with red flowers,4,4.666666667,0,4,3,3,3,2,3,3,4.666666667,3
One2345++,A cake on a ceramic plate,4.333333333,4.666666667,4.666666667,4.333333333,4,4,5,4,4.333333333,4,5,4
One2345++,A car parked next to a red bicycle,4,0,4,4,3,3,3.666666667,3,3,3,4,3
One2345++,A car shaped like sushi,3.333333333,4,0,3.666666667,3,3.333333333,3.666666667,4,4,3.666666667,4,3
One2345++,A car with square wheels,4,4,0,4,3.666666667,4,4.333333333,4,3.666666667,4,4.666666667,3.333333333
One2345++,A castle with a rainbow-colored exterior and hieroglyphs written all over it,3.333333333,4,0,3.333333333,3,3,3.333333333,3.666666667,4,3,4.333333333,3.333333333
One2345++,"A cat, one eye missing",4.666666667,2.666666667,0,3,3.666666667,4,2.666666667,4.333333333,3.666666667,3,5,2.333333333
One2345++,A cat below a chair,2.666666667,0,2,2,2.333333333,2.333333333,4,4,3,3,4,2
One2345++,A cat curling up on a bicycle with tail batting at the seat,4,0,3,3,3,3.666666667,3,4,3.666666667,3.333333333,4.666666667,3.333333333
One2345++,A cat pawing at a toy,3,0,2,2,3,3,3.666666667,4,3,3,3.333333333,3
One2345++,A cat with two different colored eyes,3,1.666666667,0,2.666666667,2.666666667,2,1.666666667,4,4,2,4,2
One2345++,A cat with wings,4,4,0,4,3,2.333333333,3,3.333333333,3,3,3,3
One2345++,A cat wizard wearing a magic hat,2.333333333,4.666666667,0,3,3,3,3.333333333,4,3.333333333,3.333333333,4.333333333,3
One2345++,A chair with a seat shaped like a giant leaf,4,4,0,4,3,3,4,3.333333333,3.666666667,3,4,2.333333333
One2345++,A chair with legs made of vines and a gradient seat that changes from purple to red,3,3,0,3,2.666666667,2.666666667,2,3,2,2,3.666666667,2
One2345++,A cherry blossom tree with pink petals and gray branches,1,1,0,1,1,1,1,1,1,1,1,1
One2345++,A chimpanzee carrying a backpack,3.666666667,0,4,3.666666667,4,4,4,4,3.666666667,4,4,3.333333333
One2345++,A church with a tall steeple located near a modern house with large windows,4,4.333333333,4,4,4,4.666666667,5,4.333333333,4,4,5,4
One2345++,A circular white clock,5,5,0,5,3.666666667,4,5,4,4,4,5,4.333333333
One2345++,"A clay vase with a round base, and a floral pattern",5,4,0,4,4,4,4.333333333,4.666666667,4,4,5,4.333333333
One2345++,A collection of fresh vegetables arranged in a wicker basket,4,4,4,4,3,3.666666667,4.666666667,3,3,3.333333333,3.333333333,3
One2345++,A colored mushroom growing on a log,4,4,4,4,4,4,4,4,4,4,5,3.333333333
One2345++,A colorful dragonfly on a desk with wings opening,3,4,3.666666667,4,3,3.666666667,4,4,3.666666667,3.666666667,4,3.333333333
One2345++,"A colorful fruit salad with sliced strawberries, and blueberries",4,4,0,4,2.333333333,3,4,3.666666667,3.666666667,3.333333333,5,3.333333333
One2345++,A colorful ladybug in a glass bottle,4.666666667,3,5,4,4,4,3,4.333333333,3,3,4,3
One2345++,A conical castle tower with a pointed roof and arched windows,5,4,0,4,3.333333333,4,4.666666667,4,4,4,4,4
One2345++,A conical tower,4,5,0,4,3,3,3.333333333,4.333333333,4,3.333333333,4.333333333,3.333333333
One2345++,A corgi dog lying on a sofa with head resting on a cushion,4.333333333,0,5,4.333333333,3.333333333,4,4.333333333,4,4,4,5,3.333333333
One2345++,A crocodile below a table,3.333333333,0,2.666666667,2.666666667,3,2.666666667,4,4,4,2.666666667,4,2.666666667
One2345++,A crystal key hanging on a metal hook,4.333333333,3,4.333333333,4,4.333333333,4.333333333,5,4.666666667,4.666666667,4.333333333,5,4
One2345++,A cup full of colorful pens and pencils,4,3.333333333,0,3.333333333,3,3,4,3,3.333333333,3,4,3
One2345++,A curved brush,3,5,0,4,3,2.666666667,3.333333333,4,3,3,4.333333333,2
One2345++,A cylindrical chair,4.333333333,5,0,4.333333333,4,4,5,4,5,4,4.666666667,4
One2345++,A deer standing near the ruins of a stone castle with ears perking up,4,3.333333333,4.666666667,4,2.666666667,3,3,3.666666667,3,3,4.333333333,3.666666667
One2345++,A deer with antlers of various sizes in the shape of branches,4,4.333333333,0,4,2,2.666666667,3,3,3,2.666666667,4,3
One2345++,A delicate porcelain teacup painted with flowers rests on a saucer,2,4,2,2.666666667,3,3,4,3,3,3,4,3.333333333
One2345++,A delicious sandwich next to a pile of crispy,2.333333333,0,2,2.666666667,3,3,4,4,3.333333333,3.333333333,4,2.666666667
One2345++,A dog barking at a cat,2,0,2,2,3,3,4,3.666666667,3.333333333,3.333333333,4,2
One2345++,A dog eating a piece of bread on the table with tail raising,3,2,3,3,3,3.333333333,4,4,4,3,4,3.333333333
One2345++,A dog sitting next to a white cat,3,4,2,2,3,3,3.333333333,4,4,3.333333333,4,2.666666667
One2345++,A dog wearing extremely cool sneakers,3.666666667,2.333333333,0,3,3,3,4,4,3.666666667,3.666666667,5,3.666666667
One2345++,A dog with a beard and ears shaped like butterfly wings,3.333333333,2,0,2,2.333333333,3,3.333333333,4,3.666666667,3,4.666666667,3
One2345++,A dragon curled up on a floating sofa with tail wrapped around a cushion,4,0,2.666666667,2.666666667,3,3,3.333333333,4,3.333333333,3.333333333,5,4
One2345++,A dragon holding a staff wrapped in glowing vines with a crown on his head,2.666666667,1,4,2.333333333,2.333333333,2,3,3,3,2,4,2
One2345++,A dragon with metallic scales,4.333333333,3.333333333,0,3.333333333,3,3,3,3,3.333333333,3,5,3.666666667
One2345++,A dragonfly in a water tank,1.333333333,0,1,1.333333333,3,2.666666667,4,3.666666667,3,2.333333333,4,3
One2345++,A drone with balanced propellers,3.333333333,3.666666667,0,3,3,3,3,3.333333333,3.333333333,3,4,3
One2345++,A duck chasing a toy boat,2.333333333,3.666666667,2,2,2,2,2.333333333,1.333333333,2.333333333,1.333333333,2,1.666666667
One2345++,A fat owl wearing a black gown,4,4,0,4,5,4,4.666666667,4,4.333333333,4.333333333,4.333333333,4
One2345++,A fat penguin,4,4.666666667,0,4.666666667,4.333333333,4,5,4.666666667,5,4,5,4.333333333
One2345++,A fat wolf with pink fur,5,5,0,5,4,4,5,4.333333333,4.333333333,4,5,4
One2345++,A fish with deep black scales speckled with stars,3,3.666666667,0,3,3,3,3.333333333,4,4,3,5,3.333333333
One2345++,A fish-shaped shoe,4,4,0,4,3,4,5,5,5,4,5,4
One2345++,A floral dress hanging on a coat rack,4.666666667,5,4,4.666666667,3,3.666666667,3.333333333,4,3,3.333333333,4,3.666666667
One2345++,A flower on a table,5,0,5,5,4,4,4.666666667,4,4.333333333,4,5,4.666666667
One2345++,A flower that blooms petals shaped like butterflies,4,3.666666667,0,3.333333333,3,3.333333333,4,3,3,3,3,3
One2345++,A flower with petals made of soft pink silk,4,4,0,4.333333333,4,3.333333333,4,4,3.666666667,4,4.666666667,3
One2345++,A flower with round copper petals,5,4,0,4,4,4,4,4,4,4,5,4
One2345++,A flower with star-shaped petals,4.666666667,2,0,3,4,4.666666667,3.333333333,4,4.666666667,4.666666667,4.666666667,3.333333333
One2345++,A fluffy cat lying on its back on a couch,4,4.333333333,4,4,2.333333333,3,4,4,3.333333333,3,4.333333333,3.333333333
One2345++,A footballer kicking a ball,4,0,4,4,4,3.666666667,4,4,4,4,4.333333333,3.333333333
One2345++,A fox holding a basketball,4,0,4,4,3.333333333,3.333333333,4,4,4,4,5,4
One2345++,A fox lying on a couch and watching television with a coffee cup in his hand,4,3,3,3,2.333333333,3,4,4,3.333333333,3,4,2.666666667
One2345++,A fox on a maple leaf with tail draped over the edges,4.666666667,0,5,4.666666667,4,4,4.666666667,3.666666667,3.666666667,4,5,4.333333333
One2345++,A fox taking a photograph using a DSLR,3,0,2,2,3.666666667,4,4,4,3.333333333,4,4,2
One2345++,A fox wearing a tailored suit and a tie,4,5,0,4,2.333333333,3.333333333,4,4,3.333333333,3.333333333,5,3.666666667
One2345++,"A fox with a bushy, crescent-shaped tail and pointed ears",4,3.333333333,0,4,3,3,4,4,4,3.666666667,5,3
One2345++,"A fox with nine tails, each of which is made of metal",3.666666667,3,0,3.333333333,3,3,4,4,4,3.666666667,3,2.333333333
One2345++,A frog inside a refrigerator full of fruits and vegetables,4,4,4,4,3,3.333333333,4,3.666666667,3.333333333,3.666666667,3,3.333333333
One2345++,A frog on a lily pad,4.666666667,0,4.666666667,4.666666667,4,4.333333333,4,4.333333333,4,4,5,4
One2345++,A frog with a mechanical heart,4,2.333333333,0,3,3,3.666666667,3,3.666666667,4,3,4,3
One2345++,A fruit basket filled with apples and oranges on a table,3,4,2,3,4,4,5,4,4,4,5,3.666666667
One2345++,A fruit basket holding apples,5,0,5,5,3.333333333,4,5,4,4,4,5,4.666666667
One2345++,A fruit basket on a table,4,0,4,4,3.333333333,3.666666667,5,4,3.666666667,4,5,3.666666667
One2345++,A gaming console with a gray plastic shell and red buttons,3,4,0,3,3,3,3.333333333,4.666666667,4,3,4.333333333,3
One2345++,A giant ant standing on a blue crystal ball,3.333333333,4,3.333333333,3.333333333,3,3,3.333333333,4,4,3,4,3
One2345++,A goat drinking beer,4.333333333,0,4,4,3.333333333,4,4,4,4,4,5,3.333333333
One2345++,A gold necklace lying on a wooden table next to a pair of earrings,2,1,1.333333333,2,3.666666667,3.666666667,4,4,3.666666667,3.666666667,3.666666667,2.333333333
One2345++,A gold necklace with a circular pendant,3.333333333,2.333333333,0,2.333333333,3,3,4,4,3.666666667,3.666666667,5,3
One2345++,A golden croissant with a flaky layer of butter and a smooth finish,5,4,0,4,4,4,5,5,4.666666667,5,3.333333333,3.666666667
One2345++,A golden motorcycle,4,4,0,4,3,3,4,3,3.666666667,3.333333333,4.333333333,3
One2345++,A golden ring with a miniature castle built atop the band,3,3,0,3,3.666666667,3.666666667,3,4,4,3.333333333,4,2.333333333
One2345++,A goldfish on a guitar,3,0,1.333333333,2,3.333333333,3,4,4,3,3,5,3
One2345++,A gray car shaped like a toast,5,3.666666667,0,4,4,4,5,4.333333333,4.333333333,4.333333333,5,4
One2345++,A gray cotton t-shirt with a printed logo,4.5,4.333333333,0,4.333333333,3,4,4.333333333,4,4,4,5,4
One2345++,A gray dog licking an ice cream cone,4,4,4,4,4,4,4,4,4,4,4.333333333,4
One2345++,A gray elephant with a long trunk,4.666666667,3.333333333,0,4,3.666666667,4,4,4,4,4,5,3.333333333
One2345++,A gray horse with a long mane and wrinkled skin,5,4,0,4.333333333,2.666666667,4,4,3.666666667,4,3.666666667,4,3
One2345++,A gray knife shaped like a leaf,2.333333333,4,0,3.333333333,4,3.333333333,4,4,4,4,4,3
One2345++,A gray skyscraper with rectangular windows,4,5,0,4,4,4,5,4.333333333,4,4,4,4
One2345++,A gray submarine resembling a giant fish,4.333333333,4,0,4,4,4,4,4,4,4,5,4
One2345++,A gray wrench,4,3,0,3,3,3,4.666666667,4,5,3.666666667,5,3.666666667
One2345++,A green bowl with a wide rim and a ceramic texture,3,3.666666667,0,3,3.333333333,3.666666667,4,2.333333333,3,3,3.333333333,2.333333333
One2345++,A green cactus in a clay pot,4,4.666666667,4.666666667,4,4,3.666666667,4,4,4,4,5,4
One2345++,A green cactus with sharp spines,2,4,0,2.666666667,2.666666667,2,3,2.666666667,3,2,4,2
One2345++,A green flute with a cylindrical shape and finger holes,5,5,0,5,3,3.666666667,5,3.666666667,4,3.666666667,5,4
One2345++,A phoenix with a long beak and wings shaped like a flame fan,3.666666667,3,0,3,3,3,2,3,3,2.333333333,4.666666667,4
One2345++,A phoenix with golden feathers,3,4,0,3,2.333333333,3,3,3,3,3,4,2.666666667
One2345++,A piano with keys that sparkle like crushed diamonds,4,1.666666667,0,3,3,3,3,3,3,3,4,3
One2345++,A pig playing a drum set,4,0,4,4,3,3,4,4,3,3.333333333,4.5,3.5
One2345++,A pigeon reading a book,4,0,4,4,4,4,4.666666667,4,4,4,4.333333333,4
One2345++,A pile of burning firewood in a refrigerator with the door open,3,4,4,3.333333333,3,3,4.666666667,3.666666667,3.333333333,3.333333333,4,4
One2345++,"A pine tree with a tall, conical form",4.666666667,5,0,4.666666667,4,4,4,4,4,4,5,4
One2345++,A pink boat,4.333333333,5,0,4.333333333,3.333333333,4,5,4,4,4,5,3.333333333
One2345++,A pink cherry blossom with a slender branch,3,4,0,3,3,3,2.333333333,4,3,2.666666667,4,2.333333333
One2345++,A pink desk lamp shaped like a trumpet flower,4.666666667,4,0,4,4,4,5,4,4,4,5,4
One2345++,A pink pig with a curly tail,4.333333333,5,0,5,4,4,5,4.333333333,4,4,5,4
One2345++,A pink rose with a ruby in the center,3.666666667,3,0,3,3,3,4,3.333333333,3,3.666666667,3.666666667,3
One2345++,A pink shark,5,5,0,5,3.666666667,4,5,4,4.666666667,4,4.333333333,3
One2345++,A pink smartwatch with a square face and a silicone band,4.333333333,4.666666667,0,4.333333333,4,4,4,4,4,4,4.333333333,3.666666667
One2345++,A pink vase filled with white lilies,4,4,0,4,4,4,4,4,4,4,4,3.333333333
One2345++,A pirate digging for treasure with a rusty shovel,2,1,1,2,2.333333333,2.333333333,2.333333333,3.333333333,3,2.333333333,4,2.333333333
One2345++,A pizza placed beside a fresh salad,2.333333333,1,2,2,3.666666667,3,4,4,3.666666667,3.333333333,3,3
One2345++,A plant with rainbow leaves in a clay pot,4,4,4,4,3.333333333,4,4,3.666666667,4,4,5,3.333333333
One2345++,A pot shaped like a lotus leaf with a golden pattern on the surface,3.666666667,3.333333333,0,3,4,4,5,4,4.666666667,4.333333333,5,3.333333333
One2345++,A pottery bowl with hand-painted flowers,4.666666667,4.666666667,0,4.333333333,3,2.666666667,4.666666667,4.666666667,4,3.333333333,5,3.333333333
One2345++,A purple shirt with a square collar and buttoned front,4,4.333333333,0,4,3,3.666666667,4,4,4,4,4.333333333,4
One2345++,A pyramidal bottle with glowing liquid,5,5,0,5,4,4,5,4.666666667,4,4,5,4
One2345++,A rabbit chewing a shoe,3.333333333,0,3.333333333,3.333333333,3,3,3,3.666666667,3.666666667,2.666666667,2.666666667,2.333333333
One2345++,A rabbit kissing a fox,3,0,3,3,3,3,4,4,4,3.666666667,5,4
One2345++,A rabbit pirate casting a spell with a magic wand,3.333333333,0,4,3.333333333,3.666666667,4,4,4,3.333333333,4,4,3
One2345++,A rabbit wearing a dress,5,5,0,5,3.333333333,3.666666667,4,4.666666667,4,4,5,4
One2345++,A raccoon detective on a rainbow bridge,3,4,2,2,3,3,3.333333333,3,3,3,4,2.333333333
One2345++,A raccoon holding a goblet that shimmers with a rainbow of colors,4,4.333333333,4.333333333,4,3.666666667,3.666666667,4,4,3.666666667,4,4.333333333,3.666666667
One2345++,A raccoon nibbling on a fallen walnut with paws holding the nut,3,0,1.666666667,2,3.666666667,3.333333333,4.666666667,4,4,4,5,3.333333333
One2345++,A raccoon under a cable car with tail curling around the handle,2.666666667,0,1.333333333,2,3.333333333,4,3.333333333,4,3,3,4,2
One2345++,A raccoon wearing a helmet piloting an airplane,2.666666667,5,2,3,3,3,4,4,4,3.666666667,4.666666667,3
One2345++,A raccoon wearing a white chef's hat and red apron with floral patterns,3,4,0,3,3,3,4,4,4,3,4,3
One2345++,A rainbow-colored rabbit with protruding front teeth,4,4.666666667,0,4,3.666666667,3,3,4.666666667,3.666666667,3.333333333,5,4
One2345++,A rectangular belt with a flat buckle and evenly spaced holes,4,4,0,4,3,3,4,3.666666667,3.666666667,3,5,3
One2345++,A rectangular car,4.333333333,4.333333333,0,4,3,3.666666667,4,4.666666667,4,3,4,3.333333333
One2345++,A rectangular wooden bookshelf,5,5,0,5,4,4,5,4,4.333333333,3.666666667,5,4
One2345++,A rectangular wrench with red patterns and hieroglyphic engravings,2,4,0,3,3.333333333,3.333333333,5,4.666666667,4.666666667,3.666666667,4,2.333333333
One2345++,A red armchair with padded armrests,5,4,0,4,3.333333333,4,4.333333333,4,3.333333333,4,5,4
One2345++,A red coffee mug on a table,4.333333333,5,4.666666667,4.333333333,4,4,4.666666667,4,4.666666667,4,5,4
One2345++,A red drum with a wooden and cylindrical body,3,4,0,3.666666667,4.333333333,4,5,5,5,4.666666667,5,4
One2345++,A red house shaped like an apple,4,3,0,3.333333333,4,4,4,3.666666667,4,4,4,3
One2345++,A red tiger with a wicker tail,4,4,0,4,3,3,4,3.333333333,4,3,5,4
One2345++,A robot dog below a glowing spaceship,2.333333333,2.333333333,2,2,3.666666667,3.333333333,4,4,3.666666667,3.333333333,4,3
One2345++,A rocking chair made of amber with cloud-like foam cushions,4.666666667,2.666666667,0,3,3.666666667,3.666666667,5,4,3,3.666666667,4.5,3.5
One2345++,A rose with petals of frosted crystal and a stem wrapped in green vines,4,2.333333333,0,3,3,3,4,3.666666667,3.333333333,3,4.666666667,3
One2345++,"A round, red apple with a brown stem and green leaves",5,4,0,4,4,4,4,5,4,4,5,4
One2345++,"A round chair with a cushioned seat, and carved spirals on the body",4.666666667,4.333333333,0,4.333333333,3,3,4.666666667,4.666666667,4,4,4,3
One2345++,A round green plate like a water lily,4,4.666666667,0,4,4,4,5,4,4.333333333,4,5,4
One2345++,A round pizza,4.666666667,5,0,4.666666667,3.666666667,3.666666667,4,3.666666667,3,3.666666667,3,3
One2345++,A round sunflower,2,2,0,2,3,3,4,3,4,3,2,2
One2345++,A round teapot of rainbow colors,5,5,0,5,4,4,4,4.666666667,4,4,5,4
One2345++,A ruler and a pencil,3,0,0,3,4,4,5,4,4.666666667,4.333333333,4,3
One2345++,A shark with a crown is holding a trident,3,4,2,3,3.333333333,3.333333333,4,3.666666667,3,3,4,4
One2345++,A sheep wearing a dress made of glowing leaves,4,4,0,4.333333333,4,4,4.666666667,4,3.666666667,4,5,3.666666667
One2345++,A sheep wearing a hoodie decorated with colorful flowers and green leaves,2,3,0,2.333333333,3,2.333333333,3,4,4,3,4.666666667,3
One2345++,A shoe next to a sock,3,0,2,2.666666667,4.666666667,4,5,4.666666667,4,4,5,3
One2345++,A shoe with a body shaped like a fish,4,3,0,3,3,3,4,4,3,3,4,2.666666667
One2345++,A short and dense fern with leaves shaped like feathers,4,4,0,4,3,3.333333333,4,3,3,3.333333333,4,3
One2345++,A short brush with gold bristles,4,4,0,4,4,4,4.666666667,4,4,4,5,4
One2345++,"A short mushroom with a thick, rounded cap and a narrow stem",5,5,0,5,4,5,5,4.666666667,5,5,5,4.666666667
One2345++,A silver circular ring with a gem,4,4.333333333,0,4,4,4,5,4,4.666666667,4,5,4
One2345++,"A silver scissors with rubber handles, and a screw joint",4.666666667,4,0,4,4,4,4.666666667,4,5,4,4.666666667,4
One2345++,A skeleton knight sitting on a throne whose armrests are adorned with intricate carvings,4,3,4,3.333333333,4,4,3,4,4,3.666666667,3,3
One2345++,A skirt made of scales with a hem shaped like a mermaid's tail,4,3.333333333,0,3.666666667,3,3,3.666666667,4,3.333333333,3,5,4
One2345++,A slender palm tree with fan-shaped leaves and curved branches,2,2,0,2,3,3,2.333333333,3,3.333333333,2.666666667,4.333333333,2
One2345++,"A small, oval-shaped fish with a flat body and triangular fins",4,4,0,4,3.666666667,4,4,4.333333333,4,4,4.333333333,3
One2345++,A small wooden ship inside a porcelain cup,3,3,2,2,4,4,5,4,4,4,5,3
One2345++,A snail with a shell made of smooth jade,4,3,0,3,4,4,4,4.666666667,4,4,5,3.333333333
One2345++,A snake shaped like a long tube,4,4,0,4,3,2.666666667,3.666666667,4,4,2.333333333,4,2.666666667
One2345++,A snake with legs,2,1,0,2,3,2.333333333,4,3.666666667,3,2,3,2
One2345++,A sneaker with blue stripes on the surface,3.666666667,4.333333333,0,3.666666667,3,3.333333333,4.666666667,3.333333333,3.666666667,3.666666667,5,3.666666667
One2345++,A sparrow building a nest on the house with branches and leaves,3,3,2.666666667,2.666666667,4,3.666666667,3.666666667,4,4,4,4,3.666666667
One2345++,A spiked dragon,3.666666667,4,0,3.666666667,2.333333333,3,3,3.333333333,3,3,4,3
One2345++,A spiky green iguana with a long tail and a row of spines along its back,3.666666667,4,0,3.666666667,2.666666667,2.666666667,3,3,3.333333333,3,4,2
One2345++,A spiky lizard with jagged wings and uneven scales on its body,4,2.666666667,0,3,3,2.666666667,4.666666667,4,4,3,5,3
One2345++,A spoon in a bowl,3,0,2,2,4,4,4,4,4,4,5,3
One2345++,"A spruce tree with sharp, triangular needles and a slightly curved trunk",3.333333333,2,0,2.666666667,3,2.333333333,4,3,3.333333333,3,4,2
One2345++,A square camera,5,5,0,5,4,4,5,4.666666667,4,4,5,4
One2345++,A square mirror surrounded by blooming flowers,4.333333333,5,0,4.333333333,3.333333333,3.666666667,4,4,3,4,4.333333333,4
One2345++,A squirrel eating a donut,5,0,3,4,4,3.333333333,5,4,4,4,4.666666667,4
One2345++,A squirrel jumping from a tree with an acorn in its mouth,2.666666667,1,2.666666667,2,2.333333333,3,3.333333333,3.666666667,2.666666667,3,4,2.333333333
One2345++,A squirrel wearing a tuxedo and holding a conductor's baton,4,4,4,4,3,3.333333333,4,4,3,3.333333333,4,3.333333333
One2345++,A starfish inside a seashell,4.666666667,0,5,4.666666667,3,4,4.333333333,4,3.333333333,4,5,4
One2345++,A steak and potatoes,4.333333333,0,0,4.333333333,4,4,4.666666667,4.333333333,4,4,5,3.666666667
One2345++,A steaming basket full of dumplings,5,4.333333333,0,4.333333333,4,3.666666667,5,4,4,4,5,4
One2345++,A stone arched bridge with a hole on the surface,3,4,0,3.666666667,2.333333333,3,4.333333333,4,4,3.333333333,4,3
One2345++,A stone castle,5,4.333333333,0,4.333333333,3,3,4.333333333,4,3,3.333333333,5,3.333333333
One2345++,A stool below a table,3,0,2,2,4,4,5,4,4,4,4.333333333,3
One2345++,A stool with legs like an elephant's leg and a seat like a mushroom top,4.333333333,3,0,3.666666667,4,4,5,5,5,4.333333333,4,4
One2345++,"A striped tiger with orange fur, black stripes, and green eyes",4,4.333333333,0,4,3,3,2.333333333,3.666666667,3.666666667,2.666666667,4.333333333,2.666666667
One2345++,A sunflower next to a rose,2.666666667,0,2,2,3,3,3,3,3,3,3.333333333,2.666666667
One2345++,"A sunflower with a circular head, slender petals and dense foliage",4,3,0,3.333333333,3,3,3,3.333333333,3,3,4,2.333333333
One2345++,A sunflower with a diamond center,4.666666667,4.666666667,0,4.666666667,3.666666667,3,4,4,3,3.333333333,5,4
One2345++,A sunflower with metallic petals and a brown clock face in the middle,4.666666667,4,0,4,3.333333333,4,3,4.333333333,4,3.666666667,5,4
One2345++,A sunflower with yellow petals and a dark brown center,4,4,0,4,3,3,2,4.666666667,3,3,4,2.666666667
One2345++,A swan inside a crystal,3,0,3,3,2.666666667,2.666666667,4,4.333333333,3.333333333,3,2.333333333,2
One2345++,A symmetrical bridge,4,5,0,4,4,4,4.333333333,4,4,4,5,4
One2345++,A symmetrical dragonfly with wings made of light-colored glass,5,5,0,5,4,4,4,4,4,4,5,4
One2345++,A table with a top like a leaf and legs like branches,4,1.333333333,0,2,3,3,3,3.333333333,3.666666667,3,4,2
One2345++,A tall brown-furred giraffe,4,4,0,4,3,3,3.666666667,4,3.333333333,3,4.333333333,2.666666667
One2345++,A teddy bear with a red bow,4.666666667,5,0,4.666666667,4,4,4.666666667,5,4,4,5,4
One2345++,"A television, decorated with gold and inlaid with jewels",4,3,0,3,4,4,4.333333333,4,4,4,5,3.666666667
One2345++,A tiger dressed as a doctor,5,5,0,5,3,3,4,4,3,4,5,3.333333333
One2345++,A tiger driving a car,4,0,4,4,3.333333333,4,3.666666667,3,3.666666667,3.333333333,4,3.333333333
One2345++,A tiger outside a house,4,0,4,4,3,3,3.333333333,4,3.333333333,3,5,3
One2345++,A tiger warrior next to a stone castle,4,0,5,4.333333333,3.333333333,3,3.666666667,4,3.333333333,3.666666667,4.333333333,3
One2345++,A tiny shark wearing a racing driver's suit and a helmet on its head,5,5,0,5,4,4,4,4,4,4,5,4.5
One2345++,A tortoise with a shell that looks like stained glass,4.666666667,4.333333333,0,4.333333333,4,4,4.333333333,5,3.666666667,4,5,3.666666667
One2345++,A tower with a pointed top,3.333333333,5,0,4,3.666666667,3.666666667,4.666666667,4,4,3.666666667,5,4.333333333
One2345++,A tree with silver bark,4,4,0,4,2.333333333,3,4,3.333333333,2.666666667,3,4.333333333,3
One2345++,A truck hauling a box,4,0,3,3.333333333,4,4,4,4,4,4,4.666666667,3
One2345++,A vintage rocking chair with curved arms and a woven cane seat,4,3.333333333,0,4,3.333333333,4,3,3,3,3.666666667,5,3.666666667
One2345++,A watermelon with golden and silver stripes,4.333333333,3.666666667,0,3.666666667,3.666666667,3.666666667,4,5,4,4,3,2
One2345++,A whale inside a bag,3,0,3,3,3,3,3,4,3.666666667,3.333333333,3,3
One2345++,A white ceramic vase with floral motifs,5,4,0,4,4,4,5,4.333333333,5,4,5,4
One2345++,A white dog with wings,3.666666667,4,0,4,2.666666667,2,3,4,3,3,4,3
One2345++,"A white headphones with soft, padded ear cups and a black headband",4,4,0,4,3.666666667,3,3.333333333,4,3.666666667,3,4,3
One2345++,A white milk carton with a yellow logo,5,5,0,5,3.333333333,4,4.333333333,4,4,4,5,4.666666667
One2345++,A white rabbit nibbling on a carrot,4.666666667,4.666666667,4.666666667,4.666666667,4,4,4.666666667,4,4,4,5,4
One2345++,A white rabbit with round ears,4,2.333333333,0,3,4,3,3.333333333,5,4,4,5,3
One2345++,A white scarf with fringed edges,5,5,0,5,3.666666667,4,4,4,4,3.666666667,5,4
One2345++,A wide hat,5,5,0,5,4,4.333333333,5,4,5,4.666666667,5,4.333333333
One2345++,A wide-brimmed straw hat with a black ribbon and a woven texture,4,4.666666667,0,4,4,4,5,3.666666667,4,4,4.333333333,3.333333333
One2345++,A willow tree with silvery branches and a slender trunk,3,3.333333333,0,3,2,2,2.333333333,3.333333333,3,2.333333333,4.5,3
One2345++,A wooden apple above a brass plate,4.666666667,4,4,4,5,5,5,5,5,5,5,4.666666667
One2345++,A wooden chair with a cushioned seat placed next to a round table,3,3.333333333,2,2.333333333,4,4,5,4,4,4,5,3.333333333
One2345++,A wooden desk with square drawers,5,4,0,4,4,4,5,4.333333333,4.666666667,4,4.333333333,4
One2345++,A wooden dining table with cylindrical legs,4.333333333,3,0,4,4,4,4,4,4.333333333,4,4,3.666666667
One2345++,A wooden guitar with a curved body and metal strings,4,3,0,3.666666667,3,3,4,4,4,3.333333333,4.666666667,3
One2345++,A wooden house,4.666666667,5,0,4.666666667,3.333333333,3.333333333,4.333333333,4,4,4,5,4
One2345++,A wooden violin,4,4,0,4,4,3.666666667,5,4,4,4,5,4
One2345++,A yellow banana with brown spots,5,5,0,5,4,4.666666667,5,5,5,4.666666667,5,4.666666667
One2345++,A yellow canary with a pointed beak and a copper crest on its head,4,3.666666667,0,4,4,4,4.333333333,4,4,4,5,3
One2345++,An apple next to a banana,5,0,5,5,4,4,4.333333333,4,4,4,5,4.333333333
One2345++,An earring designed as miniature chandeliers adorned with crystals,3.333333333,3,0,3,2.666666667,3,3.333333333,2.333333333,3.333333333,3,5,3.333333333
One2345++,An octopus playing the piano,4,0,4,4,3.666666667,3.666666667,3.666666667,3.666666667,4,3.666666667,4,3
One2345++,"An office building with a flat roof, and evenly spaced windows",4.333333333,4.333333333,0,4.333333333,3,3.333333333,4.333333333,3.666666667,4.333333333,3.333333333,4,4
One2345++,An olive-shaped metal leaf,4,4,0,4,4,4,4,4,4,4,4.333333333,3.666666667
One2345++,An orange cat with a long tail,3,4.333333333,0,3.666666667,3,3,3.333333333,3.666666667,3.666666667,3.333333333,4.666666667,3
One2345++,An orange square chimney,5,5,0,5,4,4.666666667,5,4,4,4,5,4
One2345++,"An oval-shaped hummingbird with thin legs, and a pointed beak",3.333333333,2.666666667,0,2.666666667,2.333333333,2.333333333,2,4,3.666666667,3,3.666666667,2.666666667
One2345++,An owl on a boat,4,0,4,4,4,3,4,4,4,3.666666667,3.333333333,3.333333333
One2345++,An umbrella with a curved handle,4.666666667,5,0,4.666666667,4,4,3,4,5,4,4,3.333333333
One2345++,Several quadrangle stars on the surface of a coffee cup,3,3,0,3,3,3,3,3,3,3,4,2.666666667
Rodin,A asymmetrical flower,5,4,0,4,5,4.333333333,5,5,5,5,5,4
Rodin,A baby dragon leaning against a wolf knight,3,0,3,3,5,4,4.666666667,4,4,4,5,3.666666667
Rodin,A badge shaped like a shield,3.666666667,4,0,3.666666667,4.333333333,5,2.666666667,4.666666667,4.666666667,4,5,3.666666667
Rodin,A bag with a body shaped like a giant seashell,5,5,0,5,5,5,5,5,5,5,5,4.666666667
Rodin,A bat with fan-shaped ears and black wings with pink polka dots,5,3,0,3,5,5,5,5,5,5,5,4
Rodin,A beagle in a detective's outfit,5,5,0,5,5,5,5,5,5,5,5,5
Rodin,A bear reading the newspaper,5,0,5,5,5,5,5,5,4.666666667,5,5,5
Rodin,A bee above a flower made of red silk,5,5,5,5,5,5,5,5,4.666666667,5,5,4.333333333
Rodin,A bicycle crafted from bones of mythical creatures,5,2,0,3,5,4.666666667,3.666666667,5,5,4.666666667,5,4
Rodin,A bird on a branch,3,0,2,2,5,5,5,4,5,4.333333333,5,4
Rodin,A bird pecking at a shiny necklace on a table,4.666666667,4,4,4,5,4,4.333333333,5,4.666666667,4.333333333,5,4
Rodin,A bird with a pointed beak,5,5,0,5,5,5,5,5,5,5,5,5
Rodin,A bird with rainbow feathers,5,5,0,5,4.333333333,4.333333333,5,5,4.666666667,4.333333333,5,5
Rodin,A black bicycle with a curved handlebar,5,5,0,5,4.666666667,4.333333333,4,4.666666667,5,4.333333333,4.666666667,3.666666667
Rodin,A black camera,5,5,0,5,5,4.333333333,5,5,5,5,5,5
Rodin,A black cat,5,5,0,5,5,4,5,5,4.333333333,4.666666667,5,4.666666667
Rodin,A black cat knocking over a glass with its paw extended,4,3,3,3,4.666666667,4.333333333,3.666666667,4,4.666666667,4,4.666666667,4
Rodin,A black cat sitting on a soft cushion,5,5,5,5,5,5,5,4,4.666666667,4,5,4.666666667
Rodin,A black leather jacket with silver zippers,5,5,0,5,5,5,5,5,5,5,5,5
Rodin,A black motorcycle with rearview mirror,5,5,0,5,5,5,4,5,5,5,5,4
Rodin,A black panther with slender claws and yellow eyes,5,5,0,5,4.666666667,4.666666667,5,5,5,5,5,5
Rodin,A black tall hat with a yellow ribbon,5,5,0,5,5,4.333333333,5,5,5,5,5,5
Rodin,A blue backpack with a red printed pattern and transparent pockets on the side,5,4,0,4,5,5,5,5,5,5,5,4.666666667
Rodin,A blue butterfly on a pink flower,4,5,5,4,5,4.666666667,4.333333333,5,5,4.666666667,5,4.333333333
Rodin,A blue denim jacket draped over a chair,5,4.333333333,5,4.333333333,5,5,5,5,5,5,5,4.666666667
Rodin,A blue ottoman with a padded top,5,5,0,5,5,5,5,5,5,5,5,5
Rodin,A blue parrot perching on a tree branch,3,5,2.666666667,3,5,5,5,5,5,5,5,4
Rodin,A blue parrot with white feathers and a yellow beak,5,3.666666667,0,4,5,5,5,5,5,5,5,4
Rodin,A blue scarf,5,5,0,5,5,5,5,5,5,5,5,5
Rodin,A bonsai with metal leaves,4.666666667,3,0,4,4.333333333,4,3.333333333,4,4,4,5,3
Rodin,A bright yellow rubber duck floats in a sudsy bathtub,5,3.666666667,5,4,5,4,5,5,4.666666667,3.333333333,5,4.333333333
Rodin,A bright yellow school bus with black tires and a stop sign,5,4.333333333,0,4.333333333,4.666666667,4.333333333,4,5,5,4.333333333,5,4
Rodin,A bronze statue,5,5,0,5,4.333333333,5,5,4.666666667,5,5,5,4.666666667
Rodin,A brown bear playing with a ball of yarn,5,5,5,5,5,5,5,4,4,4.333333333,5,4.333333333
Rodin,"A brown bear with black eyes and thick, shaggy fur",5,5,0,5,5,5,5,5,4.333333333,5,5,5
Rodin,A brown dog,5,5,0,5,5,5,5,5,5,5,5,5
Rodin,A brown fox wearing a hat,5,5,0,5,5,5,5,5,5,5,5,5
Rodin,A brown horse standing near a cow,3,5,2,3,5,5,5,5,5,5,5,4
Rodin,A brown sweater with a snowflake pattern,5,5,0,5,5,4,5,4.666666667,5,4.666666667,5,4
Rodin,"A bulky elephant with a cylindrical trunk and thick, pillar-like legs",5,5,0,5,5,5,5,5,5,5,5,5
Rodin,A bush with green leaves covered with golden gemstones,3,4.666666667,0,3.666666667,5,4,5,5,4.666666667,4,4,4
Rodin,A butterfly landing on a wide-brimmed hat placed on a chair,5,5,5,5,5,5,5,5,5,5,5,4.666666667
Rodin,A butterfly on a flower,3,0,2,2,5,4.666666667,4,5,5,4.333333333,5,3.666666667
Rodin,A butterfly with blue and white pattern inside an iron oven,4.333333333,3,5,3.333333333,5,4,3.666666667,5,4,4.333333333,4.666666667,3.5
Rodin,A butterfly with vibrant wings resting on a blooming sunflower,3,3,2,2.666666667,4,4,5,5,4.666666667,4,5,3
Rodin,A butterfly with wings made of stained glass,5,4,0,4.333333333,5,5,5,5,5,5,5,5
Rodin,A cactus with a spiral pattern on its surface and covered with glittering golden spines,5,2.333333333,0,3.333333333,4.333333333,4,5,5,4,4,5,3.666666667
Rodin,A cactus with arms of different lengths shaped like a candelabra,5,5,0,5,4.333333333,4.666666667,5,5,5,5,5,5
Rodin,A cactus with red flowers,5,5,0,5,5,5,5,4.666666667,5,4.666666667,5,5
Rodin,A cake on a ceramic plate,5,5,5,5,5,5,5,5,5,5,5,5
Rodin,A car parked next to a red bicycle,3,0,2,2.666666667,5,4,5,4.666666667,4.333333333,4.333333333,5,4
Rodin,A car shaped like sushi,5,2.333333333,0,3,5,4,4.666666667,5,4.666666667,4.666666667,4,3
Rodin,A car with square wheels,5,3,0,4,5,5,5,5,5,5,5,4.333333333
Rodin,A castle with a rainbow-colored exterior and hieroglyphs written all over it,5,3,0,4,5,5,4.333333333,5,5,5,5,4
Rodin,"A cat, one eye missing",5,3,0,4,5,5,3,5,4,3.333333333,5,3.333333333
Rodin,A cat below a chair,5,0,3,4,5,5,5,5,5,5,5,4
Rodin,A cat curling up on a bicycle with tail batting at the seat,5,0,4.666666667,4.666666667,5,4,4,5,4.666666667,4,5,4.5
Rodin,A cat pawing at a toy,3,0,2,2,5,5,5,5,4.666666667,5,5,3.333333333
Rodin,A cat with two different colored eyes,5,3,0,4,5,5,5,5,5,5,5,4
Rodin,A cat with wings,5,5,0,5,5,5,5,5,5,5,5,5
Rodin,A cat wizard wearing a magic hat,5,5,0,5,5,5,5,5,5,5,5,5
Rodin,A chair with a seat shaped like a giant leaf,5,5,0,5,5,4.333333333,5,5,5,5,5,5
Rodin,A chair with legs made of vines and a gradient seat that changes from purple to red,4.333333333,2,0,2.333333333,4,4,3,4.666666667,5,4,5,3.333333333
Rodin,A cherry blossom tree with pink petals and gray branches,4.333333333,5,0,4.333333333,4.666666667,4.666666667,3.666666667,5,5,4,4.333333333,4
Rodin,A chimpanzee carrying a backpack,5,0,5,5,5,4.333333333,5,5,4.666666667,5,5,5
Rodin,A church with a tall steeple located near a modern house with large windows,5,5,5,5,5,4.333333333,5,5,5,4.666666667,5,4.333333333
Rodin,A circular white clock,5,5,0,5,5,5,5,5,5,5,5,5
Rodin,"A clay vase with a round base, and a floral pattern",5,5,0,5,5,4.333333333,5,4.666666667,5,5,5,4
Rodin,A collection of fresh vegetables arranged in a wicker basket,5,5,5,5,5,5,5,4,4,4.666666667,5,4.666666667
Rodin,A colored mushroom growing on a log,5,4.333333333,5,4.333333333,5,5,5,5,5,5,5,5
Rodin,A colorful dragonfly on a desk with wings opening,3,3,2,2.333333333,5,5,5,5,5,5,5,3.333333333
Rodin,"A colorful fruit salad with sliced strawberries, and blueberries",5,5,0,5,4.333333333,3.333333333,5,4,4,4,5,4
Rodin,A colorful ladybug in a glass bottle,5,3,3.666666667,3.333333333,4.666666667,4,5,5,4.333333333,4,5,4.333333333
Rodin,A conical castle tower with a pointed roof and arched windows,5,5,0,5,5,4.666666667,5,5,5,5,5,4.666666667
Rodin,A conical tower,4.666666667,5,0,4.666666667,4.666666667,4.666666667,5,5,5,5,4.666666667,4.666666667
Rodin,A corgi dog lying on a sofa with head resting on a cushion,2.333333333,0,1.666666667,1.666666667,5,5,5,5,5,5,5,3
Rodin,A crocodile below a table,3,0,2,2.333333333,5,4.666666667,5,5,5,5,5,4
Rodin,A crystal key hanging on a metal hook,5,4,5,4,5,4.666666667,5,5,4.666666667,4.666666667,5,4.666666667
Rodin,A cup full of colorful pens and pencils,5,4,0,4,5,4.666666667,5,4.666666667,5,5,5,4
Rodin,A curved brush,5,5,0,5,5,5,5,4.333333333,5,5,5,5
Rodin,A cylindrical chair,5,4.333333333,0,4.333333333,5,4,5,5,5,5,5,4
Rodin,A deer standing near the ruins of a stone castle with ears perking up,5,5,5,5,5,4.666666667,5,5,4.333333333,5,5,5
Rodin,A deer with antlers of various sizes in the shape of branches,5,3,0,4,5,5,4,5,5,5,5,4
Rodin,A delicate porcelain teacup painted with flowers rests on a saucer,5,5,5,5,5,5,5,5,5,5,5,5
Rodin,A delicious sandwich next to a pile of crispy,3,0,3,3,5,5,5,5,5,5,5,4
Rodin,A dog barking at a cat,4.666666667,0,3.666666667,4,5,5,5,4,5,4,5,4
Rodin,A dog eating a piece of bread on the table with tail raising,4,4.666666667,4.666666667,4,5,5,5,5,5,5,5,4.333333333
Rodin,A dog sitting next to a white cat,5,5,5,5,5,5,5,4.333333333,5,4.666666667,5,4.333333333
Rodin,A dog wearing extremely cool sneakers,5,5,0,5,5,5,5,5,4.666666667,5,5,5
Rodin,A dog with a beard and ears shaped like butterfly wings,5,4,0,4.333333333,5,5,5,5,5,5,5,5
Rodin,A dragon curled up on a floating sofa with tail wrapped around a cushion,5,0,4,4,5,5,5,4.666666667,5,5,3.666666667,4.333333333
Rodin,A dragon holding a staff wrapped in glowing vines with a crown on his head,5,2,5,3,5,4.666666667,5,4,4.666666667,4.666666667,5,4
Rodin,A dragon with metallic scales,5,4,0,4.333333333,5,4.666666667,5,5,5,5,5,5
Rodin,A dragonfly in a water tank,4,0,5,4,4.666666667,4,4,4.666666667,4,4,5,3.666666667
Rodin,A drone with balanced propellers,5,5,0,5,5,5,5,5,5,5,5,5
Rodin,A duck chasing a toy boat,5,5,4,4,5,5,5,5,4.666666667,5,5,4.333333333
Rodin,A fat owl wearing a black gown,5,3.333333333,0,4,5,5,5,5,5,5,5,4
Rodin,A fat penguin,5,5,0,5,5,5,5,5,4.666666667,5,5,5
Rodin,A fat wolf with pink fur,5,5,0,5,5,5,5,5,5,5,5,5
Rodin,A fish with deep black scales speckled with stars,5,4,0,4,5,5,5,5,5,5,5,4.666666667
Rodin,A fish-shaped shoe,4.666666667,5,0,5,5,5,5,5,5,5,5,4.666666667
Rodin,A floral dress hanging on a coat rack,5,5,5,5,5,5,5,5,5,5,5,5
Rodin,A flower on a table,3,0,2.333333333,2.333333333,5,5,5,5,4.666666667,5,5,3.666666667
Rodin,A flower that blooms petals shaped like butterflies,5,2.666666667,0,3.333333333,5,4.666666667,5,5,5,5,5,4
Rodin,A flower with petals made of soft pink silk,5,5,0,5,5,4.333333333,5,5,5,5,5,4.666666667
Rodin,A flower with round copper petals,5,5,0,3.333333333,5,5,5,5,5,5,5,5
Rodin,A flower with star-shaped petals,5,3.333333333,0,4,5,5,4.333333333,5,5,5,5,4
Rodin,A fluffy cat lying on its back on a couch,5,5,5,5,5,4.333333333,5,5,4,5,5,4.666666667
Rodin,A footballer kicking a ball,3,0,3,3.333333333,5,4,5,5,4.333333333,4,5,3.666666667
Rodin,A fox holding a basketball,5,0,5,5,5,5,5,5,5,5,5,5
Rodin,A fox lying on a couch and watching television with a coffee cup in his hand,4,5,3,4,5,4.333333333,4.666666667,4.333333333,4.666666667,4.666666667,4.666666667,4
Rodin,A fox on a maple leaf with tail draped over the edges,5,0,5,5,5,5,5,5,5,5,5,5
Rodin,A fox taking a photograph using a DSLR,5,0,5,5,5,4.333333333,5,5,5,5,5,5
Rodin,A fox wearing a tailored suit and a tie,5,5,0,5,5,5,5,5,5,5,5,5
Rodin,"A fox with a bushy, crescent-shaped tail and pointed ears",5,5,0,5,5,5,5,5,5,5,5,5
Rodin,"A fox with nine tails, each of which is made of metal",5,2,0,2.666666667,5,5,5,5,4.666666667,5,5,4
Rodin,A frog inside a refrigerator full of fruits and vegetables,5,4.666666667,5,4.666666667,5,4,4,4,4.666666667,4,5,4.333333333
Rodin,A frog on a lily pad,5,0,5,5,5,5,5,5,5,5,5,5
Rodin,A frog with a mechanical heart,5,3,0,4,5,4.666666667,5,5,5,5,5,4
Rodin,A fruit basket filled with apples and oranges on a table,3,4.333333333,2,3,5,4.333333333,5,5,4,4.666666667,5,4.666666667
Rodin,A fruit basket holding apples,5,0,5,5,5,4.333333333,5,5,4.333333333,4.666666667,5,4.666666667
Rodin,A fruit basket on a table,3,0,2,2,5,4.666666667,5,4.666666667,4.333333333,4.666666667,5,4
Rodin,A gaming console with a gray plastic shell and red buttons,5,5,0,5,5,5,5,5,5,5,5,5
Rodin,A giant ant standing on a blue crystal ball,3.333333333,4,3,3,5,4,5,5,4,4,4,3
Rodin,A goat drinking beer,5,0,4,4,5,5,4,4.666666667,4.666666667,4,4,4
Rodin,A gold necklace lying on a wooden table next to a pair of earrings,4,3,3,3.333333333,5,4.666666667,5,5,5,5,4.666666667,4
Rodin,A gold necklace with a circular pendant,5,5,0,5,4.666666667,4,5,5,5,4.666666667,5,4.333333333
Rodin,A golden croissant with a flaky layer of butter and a smooth finish,5,4,0,4,5,5,5,5,5,5,5,4
Rodin,A golden motorcycle,5,5,0,5,5,5,4.333333333,5,5,5,5,4.666666667
Rodin,A golden ring with a miniature castle built atop the band,5,5,0,5,5,5,5,5,5,5,5,5
Rodin,A goldfish on a guitar,5,0,3.666666667,4,5,5,5,5,5,5,5,4
Rodin,A gray car shaped like a toast,5,5,0,5,5,5,5,5,5,5,5,5
Rodin,A gray cotton t-shirt with a printed logo,5,5,0,5,5,4,4,5,5,4.333333333,5,4
Rodin,A gray dog licking an ice cream cone,5,5,4.666666667,4.666666667,5,5,5,5,5,5,5,4.666666667
Rodin,A gray elephant with a long trunk,5,5,0,5,5,5,5,5,5,5,5,5
Rodin,A gray horse with a long mane and wrinkled skin,5,4,0,4,5,5,5,5,5,5,5,5
Rodin,A gray knife shaped like a leaf,5,5,0,5,5,5,5,5,5,5,5,5
Rodin,A gray skyscraper with rectangular windows,5,5,0,5,5,4,5,4.333333333,5,5,5,5
Rodin,A gray submarine resembling a giant fish,5,4.666666667,0,4.666666667,5,5,5,5,5,5,5,5
Rodin,A gray wrench,5,5,0,5,5,5,5,5,5,5,5,5
Rodin,A green bowl with a wide rim and a ceramic texture,5,5,0,5,5,4.666666667,5,5,5,5,5,5
Rodin,A green cactus in a clay pot,5,5,5,5,5,5,4.333333333,5,4.666666667,5,5,4.666666667
Rodin,A green cactus with sharp spines,4,3.333333333,0,4,4.666666667,4,4,5,4,4,5,4
Rodin,A green flute with a cylindrical shape and finger holes,4,3.333333333,0,3.333333333,5,4.666666667,5,4.666666667,5,4.666666667,4.333333333,3.666666667
Rodin,A phoenix with a long beak and wings shaped like a flame fan,5,5,0,5,4.666666667,5,4.666666667,5,4,4.666666667,5,4.666666667
Rodin,A phoenix with golden feathers,5,5,0,5,4,4.333333333,5,5,4.333333333,4.666666667,5,5
Rodin,A piano with keys that sparkle like crushed diamonds,5,2.666666667,0,3.333333333,5,4.666666667,5,5,5,5,5,4
Rodin,A pig playing a drum set,5,0,5,5,5,4,5,5,4.666666667,4.666666667,5,4.666666667
Rodin,A pigeon reading a book,5,0,5,5,5,4.666666667,5,5,5,4.666666667,5,4.666666667
Rodin,A pile of burning firewood in a refrigerator with the door open,5,5,5,5,5,5,5,5,5,5,5,5
Rodin,"A pine tree with a tall, conical form",4.666666667,5,0,5,5,5,5,4.666666667,4.666666667,4.666666667,5,4.33333333333333
Rodin,A pink boat,5,5,0,5,5,5,5,5,5,5,5,5
Rodin,A pink cherry blossom with a slender branch,3.333333333,5,0,4,5,5,4.666666667,4.333333333,5,4.666666667,3.333333333,4
Rodin,A pink desk lamp shaped like a trumpet flower,5,5,0,5,5,4,4,5,4.333333333,4,5,4
Rodin,A pink pig with a curly tail,5,5,0,5,5,5,5,5,5,5,5,5
Rodin,A pink rose with a ruby in the center,5,3,0,4,5,5,5,5,5,5,5,4.333333333
Rodin,A pink shark,5,5,0,5,5,4.666666667,4,5,5,4.666666667,5,5
Rodin,A pink smartwatch with a square face and a silicone band,5,5,0,5,5,4,5,5,5,5,5,5
Rodin,A pink vase filled with white lilies,5,5,0,5,5,4.333333333,5,5,4.333333333,4.666666667,5,5
Rodin,A pirate digging for treasure with a rusty shovel,5,3.333333333,5,4.333333333,4.333333333,4,5,5,5,4.333333333,5,4.5
Rodin,A pizza placed beside a fresh salad,3,1,2.333333333,2,5,4.666666667,5,5,5,5,5,3.333333333
Rodin,A plant with rainbow leaves in a clay pot,5,5,5,5,5,4.666666667,5,5,5,5,5,4.666666667
Rodin,A pot shaped like a lotus leaf with a golden pattern on the surface,5,5,0,5,5,5,5,5,4.666666667,5,5,5
Rodin,A pottery bowl with hand-painted flowers,5,5,0,5,5,5,5,5,4,5,5,5
Rodin,A purple shirt with a square collar and buttoned front,5,5,0,5,5,4.333333333,5,4.666666667,4.333333333,4.666666667,5,4.666666667
Rodin,A pyramidal bottle with glowing liquid,5,5,0,5,5,4.666666667,5,5,5,5,5,4.666666667
Rodin,A rabbit chewing a shoe,5,0,5,5,5,5,5,5,5,5,5,5
Rodin,A rabbit kissing a fox,3.666666667,0,5,4,5,5,4,5,5,4.333333333,5,4
Rodin,A rabbit pirate casting a spell with a magic wand,5,0,5,5,5,5,5,5,5,5,5,5
Rodin,A rabbit wearing a dress,5,5,0,5,5,5,5,5,5,5,5,5
Rodin,A raccoon detective on a rainbow bridge,3,1,2.333333333,2.333333333,5,5,5,5,5,5,5,4
Rodin,A raccoon holding a goblet that shimmers with a rainbow of colors,5,4,5,4,5,5,5,5,5,5,5,4
Rodin,A raccoon nibbling on a fallen walnut with paws holding the nut,5,0,5,5,5,5,5,5,4,4.666666667,5,5
Rodin,A raccoon under a cable car with tail curling around the handle,5,0,2,2.333333333,5,4,5,5,5,4.666666667,5,4
Rodin,A raccoon wearing a helmet piloting an airplane,5,5,5,5,5,4.666666667,4,5,4.333333333,4.666666667,5,5
Rodin,A raccoon wearing a white chef's hat and red apron with floral patterns,5,4.666666667,0,4.666666667,5,5,5,5,5,5,5,5
Rodin,A rainbow-colored rabbit with protruding front teeth,5,3,0,4,5,5,5,5,5,5,5,4.666666667
Rodin,A rectangular belt with a flat buckle and evenly spaced holes,5,5,0,5,5,5,5,5,5,5,4.666666667,4
Rodin,A rectangular car,5,4.666666667,0,5,5,5,5,5,5,5,5,5
Rodin,A rectangular wooden bookshelf,5,5,0,5,5,4,5,5,5,5,5,4
Rodin,A rectangular wrench with red patterns and hieroglyphic engravings,2.666666667,5,0,3.333333333,5,5,5,5,4.666666667,5,5,3.666666667
Rodin,A red armchair with padded armrests,5,5,0,5,5,5,5,5,5,5,5,5
Rodin,A red coffee mug on a table,5,5,5,5,5,4,5,5,4.666666667,4.333333333,5,3.333333333
Rodin,A red drum with a wooden and cylindrical body,5,5,0,5,5,4.333333333,5,5,5,5,5,4.666666667
Rodin,A red house shaped like an apple,5,5,0,5,5,5,5,5,5,5,5,5
Rodin,A red tiger with a wicker tail,5,3.333333333,0,4,5,5,5,5,5,5,5,4.333333333
Rodin,A robot dog below a glowing spaceship,3,3,2,2,5,5,5,4.333333333,4.333333333,4.666666667,5,4
Rodin,A rocking chair made of amber with cloud-like foam cushions,5,3.666666667,0,4,5,5,5,5,4.666666667,5,5,5
Rodin,A rose with petals of frosted crystal and a stem wrapped in green vines,5,2.333333333,0,3,5,5,5,5,5,5,5,3.666666667
Rodin,"A round, red apple with a brown stem and green leaves",5,5,0,5,5,4.333333333,5,5,5,5,5,5
Rodin,"A round chair with a cushioned seat, and carved spirals on the body",5,5,0,5,5,5,5,5,5,5,5,5
Rodin,A round green plate like a water lily,5,5,0,5,5,4.666666667,5,5,5,4.666666667,5,4.333333333
Rodin,A round pizza,5,5,0,5,5,5,5,5,5,5,5,5
Rodin,A round sunflower,4,4,0,4,5,4.333333333,5,4.666666667,5,4.666666667,4,3.333333333
Rodin,A round teapot of rainbow colors,5,5,0,5,5,4,5,5,4.666666667,4,5,4.666666667
Rodin,A ruler and a pencil,3,0,0,3,5,5,5,5,5,5,5,4
Rodin,A shark with a crown is holding a trident,3.333333333,5,4,4,5,4,5,4,5,4.333333333,4.666666667,4.666666667
Rodin,A sheep wearing a dress made of glowing leaves,5,4,0,4,5,5,5,5,4.666666667,5,5,4.666666667
Rodin,A sheep wearing a hoodie decorated with colorful flowers and green leaves,5,4.666666667,0,4.666666667,5,4.666666667,5,5,5,5,5,4.333333333
Rodin,A shoe next to a sock,3,0,2,2.666666667,5,5,5,5,5,5,5,4
Rodin,A shoe with a body shaped like a fish,5,3.333333333,0,4,5,4.333333333,5,5,5,5,5,4
Rodin,A short and dense fern with leaves shaped like feathers,5,5,0,5,4.333333333,4,4,3.333333333,5,4,5,5
Rodin,A short brush with gold bristles,4.333333333,4.333333333,0,4.333333333,4,4,5,4,4,4,5,4.5
Rodin,"A short mushroom with a thick, rounded cap and a narrow stem",5,5,0,5,5,4.666666667,5,5,4.666666667,5,5,5
Rodin,A silver circular ring with a gem,5,5,0,5,5,5,5,5,5,5,5,5
Rodin,"A silver scissors with rubber handles, and a screw joint",5,4,0,4,5,5,5,5,5,5,5,3.666666667
Rodin,A skeleton knight sitting on a throne whose armrests are adorned with intricate carvings,5,5,5,5,5,5,5,5,5,5,5,5
Rodin,A skirt made of scales with a hem shaped like a mermaid's tail,5,4,0,4,5,5,5,4.666666667,4.666666667,4.666666667,5,4.666666667
Rodin,A slender palm tree with fan-shaped leaves and curved branches,5,4,0,4,5,5,5,5,5,5,5,4
Rodin,"A small, oval-shaped fish with a flat body and triangular fins",5,4.666666667,0,5,5,5,5,5,5,5,5,5
Rodin,A small wooden ship inside a porcelain cup,5,5,5,5,5,5,5,5,5,5,5,4.666666667
Rodin,A snail with a shell made of smooth jade,4.333333333,5,0,4.333333333,4.333333333,4.333333333,5,4,4.666666667,4.333333333,3,4
Rodin,A snake shaped like a long tube,4.666666667,4,0,4,4,4,4,5,4,4,5,3
Rodin,A snake with legs,5,1,0,3,5,4.666666667,4,4,4.666666667,4,4.666666667,3
Rodin,A sneaker with blue stripes on the surface,5,5,0,5,5,4.666666667,5,5,5,5,5,5
Rodin,A sparrow building a nest on the house with branches and leaves,4,4.666666667,3.666666667,3.666666667,5,5,4.333333333,3.333333333,4.666666667,4,3,3.333333333
Rodin,A spiked dragon,5,5,0,5,5,5,5,5,5,5,5,5
Rodin,A spiky green iguana with a long tail and a row of spines along its back,5,5,0,5,5,5,4.666666667,4.333333333,5,4.666666667,5,4.666666667
Rodin,A spiky lizard with jagged wings and uneven scales on its body,5,2,0,3,4.666666667,5,5,5,5,5,5,3.333333333
Rodin,A spoon in a bowl,5,0,5,5,5,4.333333333,5,5,5,4.666666667,5,4.666666667
Rodin,"A spruce tree with sharp, triangular needles and a slightly curved trunk",4.333333333,4,0,4,4,4,4,4.666666667,4,4,5,3.666666667
Rodin,A square camera,5,5,0,5,5,5,5,5,5,5,5,5
Rodin,A square mirror surrounded by blooming flowers,5,5,0,5,5,5,4.666666667,5,4.666666667,5,5,5
Rodin,A squirrel eating a donut,5,0,5,5,5,5,5,5,5,5,5,5
Rodin,A squirrel jumping from a tree with an acorn in its mouth,4,2.666666667,3,3,5,4.666666667,5,5,4.666666667,5,5,4.333333333
Rodin,A squirrel wearing a tuxedo and holding a conductor's baton,5,5,5,5,5,5,5,5,5,5,5,5
Rodin,A starfish inside a seashell,5,0,5,5,5,5,5,5,5,5,4.666666667,4
Rodin,A steak and potatoes,5,0,0,5,5,5,5,5,5,5,5,5
Rodin,A steaming basket full of dumplings,5,4.333333333,0,4.333333333,5,5,5,5,4.333333333,5,5,4.333333333
Rodin,A stone arched bridge with a hole on the surface,5,4.333333333,0,4.333333333,5,5,5,5,4.666666667,5,5,4.666666667
Rodin,A stone castle,5,5,0,5,5,4.666666667,5,5,5,5,5,5
Rodin,A stool below a table,3,0,2.333333333,2,5,5,5,5,5,5,5,3.666666667
Rodin,A stool with legs like an elephant's leg and a seat like a mushroom top,5,3,0,4,5,5,5,5,5,5,5,4
Rodin,"A striped tiger with orange fur, black stripes, and green eyes",5,4.666666667,0,5,4.666666667,4,5,5,5,4.666666667,5,4.333333333
Rodin,A sunflower next to a rose,5,0,5,5,5,5,4,5,4.666666667,4,3.666666667,3.666666667
Rodin,"A sunflower with a circular head, slender petals and dense foliage",5,4,0,4.333333333,5,5,5,5,4.666666667,5,5,5
Rodin,A sunflower with a diamond center,5,5,0,5,5,5,5,5,5,5,5,5
Rodin,A sunflower with metallic petals and a brown clock face in the middle,5,5,0,5,5,5,5,5,5,5,5,5
Rodin,A sunflower with yellow petals and a dark brown center,5,5,0,5,5,5,5,5,5,5,5,5
Rodin,A swan inside a crystal,3,0,2,2,3,2,5,5,4,3,4.666666667,3.333333333
Rodin,A symmetrical bridge,5,5,0,5,5,4.333333333,5,5,5,5,5,5
Rodin,A symmetrical dragonfly with wings made of light-colored glass,5,5,0,5,5,5,5,5,5,5,5,5
Rodin,A table with a top like a leaf and legs like branches,5,5,0,5,5,5,5,5,5,5,5,4.666666667
Rodin,A tall brown-furred giraffe,5,5,0,5,5,5,5,5,5,5,5,5
Rodin,A teddy bear with a red bow,5,5,0,5,5,4.333333333,5,5,5,5,5,5
Rodin,"A television, decorated with gold and inlaid with jewels",5,3,0,3.333333333,5,5,5,5,5,5,5,4.666666667
Rodin,A tiger dressed as a doctor,5,5,0,5,5,4.333333333,5,5,4,5,5,5
Rodin,A tiger driving a car,5,0,5,5,5,5,5,4.333333333,5,4.666666667,5,4.5
Rodin,A tiger outside a house,3,0,2.333333333,2.333333333,5,5,5,4.333333333,5,5,5,3.333333333
Rodin,A tiger warrior next to a stone castle,3,1,2.333333333,2.333333333,5,5,5,5,4.333333333,5,5,4.333333333
Rodin,A tiny shark wearing a racing driver's suit and a helmet on its head,5,5,0,5,5,5,5,5,5,5,4,4
Rodin,A tortoise with a shell that looks like stained glass,5,3.333333333,0,4,5,5,5,5,5,5,5,4.666666667
Rodin,A tower with a pointed top,5,5,0,5,5,5,5,5,5,5,5,5
Rodin,A tree with silver bark,4,4.333333333,0,4,2.666666667,3,3.333333333,3.333333333,3,3,3.666666667,3
Rodin,A truck hauling a box,5,0,3.333333333,4,5,5,5,5,5,5,5,4
Rodin,A vintage rocking chair with curved arms and a woven cane seat,5,5,0,5,5,5,5,5,5,5,5,5
Rodin,A watermelon with golden and silver stripes,4.333333333,3,0,3.333333333,4,4,5,5,4.666666667,4.333333333,5,3
Rodin,A whale inside a bag,5,0,4,4,5,4.333333333,4,4.333333333,4.666666667,4,5,4
Rodin,A white ceramic vase with floral motifs,5,5,0,5,5,4.666666667,5,5,5,5,5,5
Rodin,A white dog with wings,5,5,0,5,5,4.333333333,5,5,4.666666667,4.666666667,5,5
Rodin,"A white headphones with soft, padded ear cups and a black headband",5,5,0,5,5,5,5,5,5,5,5,4.666666667
Rodin,A white milk carton with a yellow logo,5,5,0,5,5,4.666666667,5,5,5,5,5,5
Rodin,A white rabbit nibbling on a carrot,5,5,5,5,5,5,5,5,5,5,5,5
Rodin,A white rabbit with round ears,5,3,0,4,5,5,5,5,5,5,5,4
Rodin,A white scarf with fringed edges,5,4.666666667,0,4.666666667,5,4.666666667,5,4.333333333,4.666666667,5,4.666666667,4
Rodin,A wide hat,5,5,0,5,5,5,5,5,5,5,5,5
Rodin,A wide-brimmed straw hat with a black ribbon and a woven texture,5,5,0,5,5,5,5,5,5,5,5,5
Rodin,A willow tree with silvery branches and a slender trunk,3.666666667,3,0,3,4,4,4,4,4,4,5,3
Rodin,A wooden apple above a brass plate,5,5,5,5,5,5,5,5,5,5,5,4.666666667
Rodin,A wooden chair with a cushioned seat placed next to a round table,4,4.666666667,3,4,5,4.333333333,3.666666667,5,5,4.333333333,5,4
Rodin,A wooden desk with square drawers,5,5,0,5,5,5,5,5,5,5,5,5
Rodin,A wooden dining table with cylindrical legs,5,3,0,4,5,5,5,5,5,5,5,4
Rodin,A wooden guitar with a curved body and metal strings,5,5,0,4,5,5,5,3.333333333,5,5,5,4.333333333
Rodin,A wooden house,5,5,0,5,5,4,5,5,5,5,5,5
Rodin,A wooden violin,5,5,0,5,5,5,5,5,5,5,5,5
Rodin,A yellow banana with brown spots,5,5,0,5,5,5,5,5,5,5,5,5
Rodin,A yellow canary with a pointed beak and a copper crest on its head,5,4,0,4.333333333,5,5,5,5,5,5,5,4
Rodin,An apple next to a banana,5,0,4,4,5,5,4.666666667,5,4.333333333,4.666666667,5,4.333333333
Rodin,An earring designed as miniature chandeliers adorned with crystals,4,5,0,4,4.666666667,4.666666667,5,5,5,5,5,4.666666667
Rodin,An octopus playing the piano,5,0,4.666666667,4.666666667,5,4.333333333,4.333333333,4.666666667,4.666666667,4,5,4.333333333
Rodin,"An office building with a flat roof, and evenly spaced windows",4.333333333,4,0,4,4.666666667,4,5,5,5,5,5,4.333333333
Rodin,An olive-shaped metal leaf,5,5,0,5,5,5,4.666666667,5,5,5,5,4
Rodin,An orange cat with a long tail,5,5,0,5,5,5,5,5,4.666666667,5,5,5
Rodin,An orange square chimney,5,5,0,5,5,4.333333333,5,5,5,5,5,5
Rodin,"An oval-shaped hummingbird with thin legs, and a pointed beak",4.666666667,4,0,4,4.666666667,4,5,5,5,5,5,4.333333333
Rodin,An owl on a boat,5,0,5,5,5,5,5,5,5,5,5,5
Rodin,An umbrella with a curved handle,5,5,0,5,5,5,5,5,5,5,5,5
Rodin,Several quadrangle stars on the surface of a coffee cup,5,3,0,3.666666667,5,5,5,5,4.666666667,4.666666667,5,4
Tripo,A asymmetrical flower,5,3,0,4,5,5,4,5,5,5,5,4
Tripo,A baby dragon leaning against a wolf knight,5,5,5,5,5,5,5,5,5,5,5,5
Tripo,A badge shaped like a shield,5,5,0,5,5,5,5,5,5,5,5,5
Tripo,A bag with a body shaped like a giant seashell,5,5,0,5,5,5,5,5,5,5,5,5
Tripo,A bat with fan-shaped ears and black wings with pink polka dots,5,5,0,5,5,5,5,5,5,5,5,5
Tripo,A beagle in a detective's outfit,5,5,0,5,5,5,5,5,5,5,5,5
Tripo,A bear reading the newspaper,5,0,5,5,5,5,5,5,5,5,5,5
Tripo,A bee above a flower made of red silk,5,5,5,5,5,5,4.666666667,5,4.333333333,4.666666667,5,5
Tripo,A bicycle crafted from bones of mythical creatures,5,4,0,4.333333333,4,4,5,5,5,5,5,4.333333333
Tripo,A bird on a branch,3,0,1,2.666666667,5,5,5,5,5,5,5,4
Tripo,A bird pecking at a shiny necklace on a table,4,4.666666667,4,4,5,5,5,5,5,5,5,4
Tripo,A bird with a pointed beak,5,5,0,5,5,5,5,5,5,5,5,5
Tripo,A bird with rainbow feathers,5,5,0,5,5,5,5,5,5,5,5,5
Tripo,A black bicycle with a curved handlebar,5,3.333333333,0,4,5,4.666666667,4,5,5,4.666666667,5,4.333333333
Tripo,A black camera,5,5,0,5,5,5,5,5,5,5,5,5
Tripo,A black cat,5,5,0,5,5,4.666666667,4.666666667,5,5,5,5,5
Tripo,A black cat knocking over a glass with its paw extended,5,5,5,5,5,5,5,5,5,5,5,4.666666667
Tripo,A black cat sitting on a soft cushion,3,3,2,2,5,5,5,5,5,5,5,4
Tripo,A black leather jacket with silver zippers,5,5,0,5,4.666666667,4.666666667,5,5,5,5,5,5
Tripo,A black motorcycle with rearview mirror,5,5,0,5,4.333333333,4.333333333,5,5,5,5,5,5
Tripo,A black panther with slender claws and yellow eyes,5,5,0,5,5,5,5,5,5,5,5,4.666666667
Tripo,A black tall hat with a yellow ribbon,5,5,0,5,4.666666667,4,5,4,5,4.666666667,5,4.333333333
Tripo,A blue backpack with a red printed pattern and transparent pockets on the side,5,5,0,5,5,5,5,5,5,5,5,5
Tripo,A blue butterfly on a pink flower,4.666666667,5,4.666666667,4.666666667,5,5,4,5,5,4,5,4
Tripo,A blue denim jacket draped over a chair,5,5,5,5,5,5,4,5,4.666666667,4.333333333,5,4.666666667
Tripo,A blue ottoman with a padded top,5,5,0,5,5,5,5,5,5,5,5,5
Tripo,A blue parrot perching on a tree branch,4.333333333,5,4.666666667,4.666666667,5,5,5,4.333333333,5,5,5,4.666666667
Tripo,A blue parrot with white feathers and a yellow beak,5,4,0,4,4.666666667,5,5,5,5,5,5,5
Tripo,A blue scarf,5,5,0,5,5,5,5,5,5,5,5,5
Tripo,A bonsai with metal leaves,5,2.666666667,0,3.333333333,5,4,5,5,5,4.666666667,5,3.666666667
Tripo,A bright yellow rubber duck floats in a sudsy bathtub,5,5,5,5,5,5,5,5,5,5,5,4.666666667
Tripo,A bright yellow school bus with black tires and a stop sign,5,4,0,4.333333333,5,4.666666667,5,5,5,5,5,4.333333333
Tripo,A bronze statue,5,4,0,4,4,4,5,5,5,5,5,4.666666667
Tripo,A brown bear playing with a ball of yarn,5,5,5,5,5,5,5,5,5,5,5,5
Tripo,"A brown bear with black eyes and thick, shaggy fur",5,5,0,5,5,5,5,5,5,5,5,5
Tripo,A brown dog,5,5,0,5,5,5,5,5,5,5,5,5
Tripo,A brown fox wearing a hat,5,5,0,5,5,5,5,5,5,5,5,5
Tripo,A brown horse standing near a cow,5,5,5,5,5,5,5,5,5,5,5,4.666666667
Tripo,A brown sweater with a snowflake pattern,5,3,0,4,5,4.333333333,4,4,4.333333333,4.666666667,4.333333333,4
Tripo,"A bulky elephant with a cylindrical trunk and thick, pillar-like legs",5,5,0,5,5,5,5,4,5,5,5,4.333333333
Tripo,A bush with green leaves covered with golden gemstones,3,4,0,3,4,3.333333333,4,4,4,4,4,3
Tripo,A butterfly landing on a wide-brimmed hat placed on a chair,5,5,5,5,5,4.333333333,5,5,5,4.666666667,5,4.333333333
Tripo,A butterfly on a flower,5,0,5,5,5,5,4.333333333,5,4.666666667,5,4.5,4.666666667
Tripo,A butterfly with blue and white pattern inside an iron oven,3,3,2,2.333333333,5,5,5,5,5,5,5,4
Tripo,A butterfly with vibrant wings resting on a blooming sunflower,5,5,5,5,5,5,5,5,5,5,5,5
Tripo,A butterfly with wings made of stained glass,5,5,0,5,5,5,5,5,5,5,5,5
Tripo,A cactus with a spiral pattern on its surface and covered with glittering golden spines,4.333333333,2.333333333,0,3,5,4.666666667,5,5,5,5,4.333333333,2.666666667
Tripo,A cactus with arms of different lengths shaped like a candelabra,5,5,0,5,5,5,5,5,5,5,5,5
Tripo,A cactus with red flowers,5,5,0,5,5,5,5,5,5,5,5,5
Tripo,A cake on a ceramic plate,3,1,2,2,4,4,5,5,5,4.333333333,5,4
Tripo,A car parked next to a red bicycle,5,0,5,5,5,4,5,5,5,4,5,4.666666667
Tripo,A car shaped like sushi,5,2,0,3,5,5,5,5,5,5,4.666666667,4
Tripo,A car with square wheels,5,3,0,4,5,5,5,5,5,5,5,4
Tripo,A castle with a rainbow-colored exterior and hieroglyphs written all over it,5,5,0,5,5,5,5,5,5,5,5,5
Tripo,"A cat, one eye missing",5,5,0,5,4,4.333333333,5,5,4.333333333,5,5,5
Tripo,A cat below a chair,5,0,3.333333333,4,5,5,5,5,5,5,5,4
Tripo,A cat curling up on a bicycle with tail batting at the seat,5,0,5,5,5,5,4.666666667,5,5,5,5,5
Tripo,A cat pawing at a toy,5,0,5,5,5,5,4.666666667,5,5,5,5,5
Tripo,A cat with two different colored eyes,5,5,0,5,5,5,5,5,5,5,5,5
Tripo,A cat with wings,5,5,0,5,5,4.666666667,5,4.333333333,5,5,5,5
Tripo,A cat wizard wearing a magic hat,5,5,0,5,5,5,5,5,5,5,5,5
Tripo,A chair with a seat shaped like a giant leaf,5,5,0,5,5,5,5,5,5,5,5,5
Tripo,A chair with legs made of vines and a gradient seat that changes from purple to red,5,4.666666667,0,4.666666667,5,5,5,5,5,5,5,4
Tripo,A cherry blossom tree with pink petals and gray branches,5,5,0,5,4,4,4.333333333,4,5,4,5,5
Tripo,A chimpanzee carrying a backpack,5,0,5,5,5,4.666666667,5,5,5,5,5,5
Tripo,A church with a tall steeple located near a modern house with large windows,5,5,5,5,5,5,5,5,5,5,5,5
Tripo,A circular white clock,5,5,0,5,5,4.666666667,5,5,5,5,5,4.666666667
Tripo,"A clay vase with a round base, and a floral pattern",5,5,0,5,5,4.666666667,5,4.666666667,4.333333333,5,5,5
Tripo,A collection of fresh vegetables arranged in a wicker basket,5,5,5,5,5,5,5,4.666666667,5,5,5,5
Tripo,A colored mushroom growing on a log,5,5,5,5,5,5,5,5,5,5,5,5
Tripo,A colorful dragonfly on a desk with wings opening,3,5,2,3,5,5,5,5,5,5,5,3.666666667
Tripo,"A colorful fruit salad with sliced strawberries, and blueberries",3,4,0,3.666666667,5,5,5,5,5,5,4,3.666666667
Tripo,A colorful ladybug in a glass bottle,5,4,3.666666667,4,5,5,5,5,5,5,5,4.333333333
Tripo,A conical castle tower with a pointed roof and arched windows,5,5,0,5,5,5,5,5,5,5,5,5
Tripo,A conical tower,5,5,0,5,5,4.333333333,5,5,5,5,5,5
Tripo,A corgi dog lying on a sofa with head resting on a cushion,3,0,2,2,5,4.333333333,5,5,5,4.666666667,5,3.333333333
Tripo,A crocodile below a table,3,0,2,2.333333333,5,5,5,5,5,5,5,4
Tripo,A crystal key hanging on a metal hook,4.666666667,4,4.666666667,4,5,5,4,5,5,5,5,4
Tripo,A cup full of colorful pens and pencils,5,4.333333333,0,4.333333333,5,5,5,5,4.666666667,5,5,4
Tripo,A curved brush,4.666666667,4,0,4,5,5,5,5,5,5,5,5
Tripo,A cylindrical chair,5,3.333333333,0,4,4.333333333,5,5,5,5,5,5,4.666666667
Tripo,A deer standing near the ruins of a stone castle with ears perking up,3,5,2.333333333,3,5,5,5,5,5,5,5,4
Tripo,A deer with antlers of various sizes in the shape of branches,4,3,0,3.666666667,4.666666667,4.333333333,5,5,5,4.666666667,5,4
Tripo,A delicate porcelain teacup painted with flowers rests on a saucer,5,5,5,5,5,5,5,5,5,5,5,5
Tripo,A delicious sandwich next to a pile of crispy,5,0,5,5,5,5,5,5,4.666666667,5,5,5
Tripo,A dog barking at a cat,5,0,4.666666667,4.666666667,5,5,5,4.666666667,5,5,5,5
Tripo,A dog eating a piece of bread on the table with tail raising,5,5,5,5,5,4.333333333,5,5,5,4.666666667,5,5
Tripo,A dog sitting next to a white cat,5,5,5,5,5,4,5,4,5,4.333333333,5,4.666666667
Tripo,A dog wearing extremely cool sneakers,5,5,0,5,5,5,5,5,5,5,5,5
Tripo,A dog with a beard and ears shaped like butterfly wings,5,5,0,5,5,4.333333333,4.333333333,5,5,4.666666667,5,4
Tripo,A dragon curled up on a floating sofa with tail wrapped around a cushion,5,0,5,5,5,4,5,5,5,4.333333333,5,5
Tripo,A dragon holding a staff wrapped in glowing vines with a crown on his head,5,3.333333333,5,4,5,5,5,5,5,5,5,5
Tripo,A dragon with metallic scales,5,4.666666667,0,4.666666667,4.666666667,4.666666667,5,5,5,5,5,5
Tripo,A dragonfly in a water tank,3,0,2,2.333333333,5,4.666666667,5,5,4.666666667,5,4.333333333,3.333333333
Tripo,A drone with balanced propellers,5,5,0,5,5,5,5,5,5,5,5,5
Tripo,A duck chasing a toy boat,5,5,5,5,5,4,5,5,5,4,5,5
Tripo,A fat owl wearing a black gown,5,5,0,5,5,5,5,5,5,5,5,4.666666667
Tripo,A fat penguin,5,5,0,5,5,5,5,5,5,5,5,5
Tripo,A fat wolf with pink fur,5,5,0,5,5,4.666666667,5,5,5,5,5,5
Tripo,A fish with deep black scales speckled with stars,5,4,0,4,5,5,4.666666667,5,5,5,5,4.666666667
Tripo,A fish-shaped shoe,1,5,0,2.333333333,5,5,5,5,5,5,5,3.666666667
Tripo,A floral dress hanging on a coat rack,5,5,5,5,5,5,5,5,5,5,5,5
Tripo,A flower on a table,4,0,4,4,5,5,4,5,4.666666667,4.333333333,5,4.333333333
Tripo,A flower that blooms petals shaped like butterflies,5,3.333333333,0,3.333333333,5,5,4.333333333,4.333333333,5,5,5,3.666666667
Tripo,A flower with petals made of soft pink silk,5,5,0,5,5,5,4.666666667,5,5,5,5,4.666666667
Tripo,A flower with round copper petals,5,4.333333333,0,4.333333333,5,5,5,5,5,5,5,4
Tripo,A flower with star-shaped petals,5,3,0,4,5,4.666666667,5,5,5,5,5,5
Tripo,A fluffy cat lying on its back on a couch,3,5,2.333333333,3,5,5,5,5,5,5,5,4
Tripo,A footballer kicking a ball,5,0,5,5,4.333333333,4.333333333,5,5,5,4.333333333,5,4.666666667
Tripo,A fox holding a basketball,5,0,5,5,5,5,5,5,5,5,5,5
Tripo,A fox lying on a couch and watching television with a coffee cup in his hand,3.333333333,5,3,3,4.666666667,5,4,5,5,4.666666667,5,3.333333333
Tripo,A fox on a maple leaf with tail draped over the edges,5,0,5,5,5,5,5,5,5,5,5,5
Tripo,A fox taking a photograph using a DSLR,5,0,5,5,5,5,5,5,5,5,5,5
Tripo,A fox wearing a tailored suit and a tie,5,5,0,5,5,4.666666667,5,5,5,5,5,5
Tripo,"A fox with a bushy, crescent-shaped tail and pointed ears",5,5,0,5,5,5,5,5,5,5,5,5
Tripo,"A fox with nine tails, each of which is made of metal",5,2.666666667,0,3,5,5,5,5,5,5,4,4
Tripo,A frog inside a refrigerator full of fruits and vegetables,3,4,2.333333333,3.333333333,5,5,5,5,5,5,5,4
Tripo,A frog on a lily pad,5,0,5,5,5,5,5,5,5,5,5,5
Tripo,A frog with a mechanical heart,5,3,0,4,5,4.333333333,5,5,5,5,5,4
Tripo,A fruit basket filled with apples and oranges on a table,3,5,2,3.666666667,5,4.333333333,5,5,5,5,5,4
Tripo,A fruit basket holding apples,5,0,5,5,5,5,5,5,5,5,5,5
Tripo,A fruit basket on a table,3,0,2,2.666666667,5,4.333333333,5,5,5,5,5,4
Tripo,A gaming console with a gray plastic shell and red buttons,5,5,0,5,5,5,5,5,5,5,5,5
Tripo,A giant ant standing on a blue crystal ball,5,5,5,5,5,5,5,5,5,5,5,5
Tripo,A goat drinking beer,5,0,5,5,5,5,5,5,5,5,5,5
Tripo,A gold necklace lying on a wooden table next to a pair of earrings,4,4.666666667,3,3.333333333,4.666666667,4,5,5,5,5,5,4
Tripo,A gold necklace with a circular pendant,5,5,0,5,5,4.666666667,5,5,5,5,5,5
Tripo,A golden croissant with a flaky layer of butter and a smooth finish,5,3.666666667,0,4,5,5,5,5,5,5,5,4
Tripo,A golden motorcycle,5,5,0,5,4,4.666666667,5,5,5,5,5,5
Tripo,A golden ring with a miniature castle built atop the band,5,5,0,5,5,4,5,5,5,5,5,5
Tripo,A goldfish on a guitar,5,0,5,5,5,4.333333333,5,5,5,4.666666667,5,4.333333333
Tripo,A gray car shaped like a toast,5,4.666666667,0,4.666666667,5,5,5,5,5,5,5,4.333333333
Tripo,A gray cotton t-shirt with a printed logo,5,5,0,5,4.666666667,4,5,5,5,4.666666667,5,4
Tripo,A gray dog licking an ice cream cone,5,5,5,5,5,5,5,5,5,5,5,5
Tripo,A gray elephant with a long trunk,5,5,0,5,5,4.666666667,5,5,5,5,5,5
Tripo,A gray horse with a long mane and wrinkled skin,5,4,0,4,4.666666667,4.666666667,5,5,5,5,5,4.666666667
Tripo,A gray knife shaped like a leaf,5,5,0,5,4.666666667,4,5,5,5,4,5,4.666666667
Tripo,A gray skyscraper with rectangular windows,5,5,0,5,5,4.666666667,4.666666667,5,5,4.666666667,5,5
Tripo,A gray submarine resembling a giant fish,5,5,0,5,5,4.333333333,5,5,5,4.666666667,5,4.666666667
Tripo,A gray wrench,5,5,0,5,5,4,5,5,5,4.666666667,5,4.666666667
Tripo,A green bowl with a wide rim and a ceramic texture,4.666666667,5,0,4.666666667,5,5,5,5,4,5,5,4.666666667
Tripo,A green cactus in a clay pot,5,5,5,5,5,5,5,5,5,5,5,5
Tripo,A green cactus with sharp spines,4,5,0,4,4,4,5,5,5,4,4,3.666666667
Tripo,A green flute with a cylindrical shape and finger holes,5,5,0,5,4.666666667,4,5,5,5,5,5,4.333333333
Tripo,A phoenix with a long beak and wings shaped like a flame fan,5,5,0,5,5,5,5,5,5,5,5,5
Tripo,A phoenix with golden feathers,5,5,0,5,5,5,5,5,5,5,5,5
Tripo,A piano with keys that sparkle like crushed diamonds,5,2,0,2.333333333,4.666666667,4,4,5,5,4.666666667,5,4
Tripo,A pig playing a drum set,5,0,5,5,5,5,5,5,5,5,5,5
Tripo,A pigeon reading a book,5,0,5,5,5,5,4,5,4.333333333,5,5,4.666666667
Tripo,A pile of burning firewood in a refrigerator with the door open,5,5,5,5,5,4,5,5,5,5,5,4.666666667
Tripo,"A pine tree with a tall, conical form",4.666666667,5,0,5,4,4.333333333,5,5,5,4.666666667,5,4.666666667
Tripo,A pink boat,4.666666667,4.666666667,0,4.666666667,4,3.333333333,4.666666667,4.666666667,5,4.333333333,4.666666667,3.333333333
Tripo,A pink cherry blossom with a slender branch,4,5,0,4,5,5,5,5,5,5,5,4.333333333
Tripo,A pink desk lamp shaped like a trumpet flower,5,5,0,5,5,4.666666667,5,5,5,4.666666667,5,4.333333333
Tripo,A pink pig with a curly tail,5,5,0,5,5,5,5,5,5,5,5,5
Tripo,A pink rose with a ruby in the center,5,5,0,5,5,4.666666667,5,5,5,5,5,4.333333333
Tripo,A pink shark,5,5,0,5,5,4.333333333,5,5,5,4.666666667,5,5
Tripo,A pink smartwatch with a square face and a silicone band,5,5,0,5,5,3.666666667,5,5,5,5,5,4
Tripo,A pink vase filled with white lilies,5,5,0,5,5,5,5,5,5,5,5,5
Tripo,A pirate digging for treasure with a rusty shovel,3.666666667,3,3,3.333333333,5,4.333333333,5,5,5,5,5,4
Tripo,A pizza placed beside a fresh salad,3,1,2.666666667,2.666666667,5,4.666666667,5,5,5,5,5,4
Tripo,A plant with rainbow leaves in a clay pot,5,5,5,5,5,5,5,5,5,5,5,5
Tripo,A pot shaped like a lotus leaf with a golden pattern on the surface,5,5,0,5,5,5,5,5,5,5,5,5
Tripo,A pottery bowl with hand-painted flowers,5,5,0,5,5,4,5,5,5,5,5,4.333333333
Tripo,A purple shirt with a square collar and buttoned front,5,5,0,5,5,4,5,5,5,5,5,4.666666667
Tripo,A pyramidal bottle with glowing liquid,5,3.666666667,0,4,5,5,5,5,5,5,5,4.333333333
Tripo,A rabbit chewing a shoe,5,0,5,5,5,5,5,5,5,5,5,5
Tripo,A rabbit kissing a fox,4,0,4.666666667,4,5,4.333333333,5,5,5,5,5,4.333333333
Tripo,A rabbit pirate casting a spell with a magic wand,5,0,5,5,5,5,5,5,5,5,5,5
Tripo,A rabbit wearing a dress,5,5,0,5,5,5,5,5,4,5,5,4.666666667
Tripo,A raccoon detective on a rainbow bridge,3,1,2.333333333,2.333333333,5,5,5,5,5,5,5,4
Tripo,A raccoon holding a goblet that shimmers with a rainbow of colors,5,5,5,5,5,5,5,5,5,5,5,4.333333333
Tripo,A raccoon nibbling on a fallen walnut with paws holding the nut,5,0,5,5,5,5,5,5,5,5,5,5
Tripo,A raccoon under a cable car with tail curling around the handle,5,0,3.333333333,4,5,5,5,5,5,5,5,4
Tripo,A raccoon wearing a helmet piloting an airplane,5,5,5,5,5,5,5,5,5,5,5,4.666666667
Tripo,A raccoon wearing a white chef's hat and red apron with floral patterns,5,5,0,5,5,5,5,5,5,5,5,5
Tripo,A rainbow-colored rabbit with protruding front teeth,5,5,0,5,5,5,5,5,5,5,4,4.666666667
Tripo,A rectangular belt with a flat buckle and evenly spaced holes,5,4.333333333,0,4.333333333,5,4.666666667,5,5,5,5,5,4.333333333
Tripo,A rectangular car,5,4.333333333,0,4.333333333,5,5,5,4.333333333,5,5,5,4.333333333
Tripo,A rectangular wooden bookshelf,5,5,0,5,5,5,5,5,5,5,5,4.333333333
Tripo,A rectangular wrench with red patterns and hieroglyphic engravings,5,5,0,5,5,4.666666667,5,5,5,5,5,5
Tripo,A red armchair with padded armrests,5,5,0,5,5,5,5,5,5,5,5,5
Tripo,A red coffee mug on a table,3,5,2,3,5,4,5,5,5,4,5,3.5
Tripo,A red drum with a wooden and cylindrical body,5,5,0,5,5,5,5,5,5,5,5,5
Tripo,A red house shaped like an apple,5,5,0,5,5,5,5,5,5,5,5,2
Tripo,A red tiger with a wicker tail,5,5,0,5,5,5,5,5,5,5,5,5
Tripo,A robot dog below a glowing spaceship,3,3,2.666666667,2.666666667,5,4,4.333333333,5,4.666666667,4,5,3.666666667
Tripo,A rocking chair made of amber with cloud-like foam cushions,5,3,0,3.333333333,5,5,5,5,5,5,5,4.333333333
Tripo,A rose with petals of frosted crystal and a stem wrapped in green vines,5,3,0,3.666666667,5,4.333333333,5,5,5,5,4.666666667,4
Tripo,"A round, red apple with a brown stem and green leaves",5,5,0,5,5,4.333333333,5,5,5,5,5,3.666666667
Tripo,"A round chair with a cushioned seat, and carved spirals on the body",5,4.333333333,0,4.333333333,5,5,5,5,5,5,5,4
Tripo,A round green plate like a water lily,5,5,0,5,5,4.333333333,5,5,5,5,5,5
Tripo,A round pizza,5,5,0,5,5,4.333333333,5,5,5,5,5,5
Tripo,A round sunflower,5,5,0,5,5,5,5,5,5,5,5,4.333333333
Tripo,A round teapot of rainbow colors,5,5,0,5,5,5,5,5,5,5,5,5
Tripo,A ruler and a pencil,3,0,0,3,4.666666667,4.333333333,5,5,4.666666667,4.666666667,5,3.333333333
Tripo,A shark with a crown is holding a trident,5,5,5,5,5,5,5,5,5,5,5,5
Tripo,A sheep wearing a dress made of glowing leaves,5,5,0,5,5,5,5,5,5,5,5,5
Tripo,A sheep wearing a hoodie decorated with colorful flowers and green leaves,5,5,0,5,5,5,5,5,5,5,5,5
Tripo,A shoe next to a sock,4,0,4,4,5,5,5,5,5,5,4,3.666666667
Tripo,A shoe with a body shaped like a fish,1,4,0,2,5,4.666666667,5,5,5,5,4.666666667,3
Tripo,A short and dense fern with leaves shaped like feathers,4.666666667,4,0,4,5,5,5,5,5,5,5,5
Tripo,A short brush with gold bristles,5,5,0,5,5,5,5,5,5,5,5,5
Tripo,"A short mushroom with a thick, rounded cap and a narrow stem",5,5,0,5,5,5,5,5,5,5,5,5
Tripo,A silver circular ring with a gem,4.666666667,5,0,4.666666667,4,4,5,5,5,4,5,4
Tripo,"A silver scissors with rubber handles, and a screw joint",5,5,0,5,4.333333333,4.333333333,5,5,5,5,5,5
Tripo,A skeleton knight sitting on a throne whose armrests are adorned with intricate carvings,5,5,5,5,5,5,5,5,5,5,5,5
Tripo,A skirt made of scales with a hem shaped like a mermaid's tail,5,5,0,5,5,5,5,5,5,5,5,4.666666667
Tripo,A slender palm tree with fan-shaped leaves and curved branches,5,3.666666667,0,4,5,4,4.333333333,5,5,4.666666667,5,4
Tripo,"A small, oval-shaped fish with a flat body and triangular fins",5,4.666666667,0,5,5,4.333333333,5,5,5,5,5,5
Tripo,A small wooden ship inside a porcelain cup,5,5,5,5,5,4,5,5,5,4.666666667,5,4.333333333
Tripo,A snail with a shell made of smooth jade,5,3,0,4,4.666666667,4.666666667,5,5,5,5,5,4.333333333
Tripo,A snake shaped like a long tube,5,5,0,5,4.666666667,4.666666667,5,5,5,5,5,5
Tripo,A snake with legs,5,4.666666667,0,4.666666667,4.666666667,4,5,4,4.666666667,4.666666667,5,5
Tripo,A sneaker with blue stripes on the surface,5,5,0,5,5,5,5,5,5,5,5,5
Tripo,A sparrow building a nest on the house with branches and leaves,4,5,3,4,5,5,5,5,4.666666667,5,5,4
Tripo,A spiked dragon,5,5,0,5,5,5,5,5,5,5,5,5
Tripo,A spiky green iguana with a long tail and a row of spines along its back,5,5,0,5,5,5,5,5,5,5,5,5
Tripo,A spiky lizard with jagged wings and uneven scales on its body,5,4,0,4,5,5,5,5,5,5,5,4.666666667
Tripo,A spoon in a bowl,5,0,5,5,5,5,5,5,5,5,5,5
Tripo,"A spruce tree with sharp, triangular needles and a slightly curved trunk",5,3,0,3.333333333,4,4.666666667,5,5,5,5,5,3
Tripo,A square camera,5,5,0,5,5,5,5,5,5,5,5,5
Tripo,A square mirror surrounded by blooming flowers,5,5,0,5,5,5,5,5,5,5,5,5
Tripo,A squirrel eating a donut,5,0,5,5,5,5,5,5,5,5,5,5
Tripo,A squirrel jumping from a tree with an acorn in its mouth,3,5,4,4,5,5,5,5,5,5,5,4.333333333
Tripo,A squirrel wearing a tuxedo and holding a conductor's baton,5,5,5,5,5,5,5,5,5,5,5,5
Tripo,A starfish inside a seashell,5,0,5,5,5,4.666666667,5,5,5,5,5,5
Tripo,A steak and potatoes,5,0,0,5,5,5,5,5,5,5,5,5
Tripo,A steaming basket full of dumplings,5,5,0,5,5,5,5,5,5,5,5,4.666666667
Tripo,A stone arched bridge with a hole on the surface,5,5,0,5,5,4,5,5,5,4.666666667,4.666666667,4
Tripo,A stone castle,5,5,0,5,5,4.666666667,5,4.333333333,5,5,5,4.666666667
Tripo,A stool below a table,3,0,2.333333333,2,5,5,5,5,5,5,5,3.666666667
Tripo,A stool with legs like an elephant's leg and a seat like a mushroom top,4.333333333,3.333333333,0,4,4.333333333,4,5,5,5,4,4,3.666666667
Tripo,"A striped tiger with orange fur, black stripes, and green eyes",5,5,0,5,5,5,5,5,5,5,5,5
Tripo,A sunflower next to a rose,5,0,5,5,5,5,5,5,5,5,5,5
Tripo,"A sunflower with a circular head, slender petals and dense foliage",5,5,0,5,5,5,5,5,5,5,5,5
Tripo,A sunflower with a diamond center,4.666666667,5,0,5,5,5,5,5,5,5,5,4.666666667
Tripo,A sunflower with metallic petals and a brown clock face in the middle,5,5,0,5,5,4.666666667,5,5,5,5,5,4.666666667
Tripo,A sunflower with yellow petals and a dark brown center,5,5,0,5,5,5,5,5,5,5,5,5
Tripo,A swan inside a crystal,3,0,2,2,4.666666667,4.333333333,5,4.666666667,4,4,5,4
Tripo,A symmetrical bridge,5,5,0,5,4,4,4.333333333,5,5,4.333333333,5,4.333333333
Tripo,A symmetrical dragonfly with wings made of light-colored glass,5,5,0,5,5,5,5,5,5,5,5,5
Tripo,A table with a top like a leaf and legs like branches,5,3,0,4,5,5,5,5,5,5,5,4
Tripo,A tall brown-furred giraffe,5,5,0,5,4.666666667,5,5,5,5,5,5,5
Tripo,A teddy bear with a red bow,5,5,0,5,5,5,5,5,5,5,5,5
Tripo,"A television, decorated with gold and inlaid with jewels",5,5,0,5,5,5,5,5,5,5,5,5
Tripo,A tiger dressed as a doctor,5,5,0,5,5,4,5,5,5,5,5,5
Tripo,A tiger driving a car,5,0,5,5,5,4.666666667,5,5,5,5,5,4.666666667
Tripo,A tiger outside a house,3,0,2.333333333,2.333333333,5,4.333333333,5,5,5,5,5,4
Tripo,A tiger warrior next to a stone castle,5,5,5,5,5,4.666666667,5,5,5,5,5,5
Tripo,A tiny shark wearing a racing driver's suit and a helmet on its head,5,5,0,5,5,5,5,5,5,5,5,5
Tripo,A tortoise with a shell that looks like stained glass,5,4.666666667,0,4.666666667,5,5,5,5,5,5,5,5
Tripo,A tower with a pointed top,5,5,0,5,4.666666667,4,5,4,4.333333333,4,5,4.666666667
Tripo,A tree with silver bark,5,5,0,5,4,4,5,4,4,4,5,4
Tripo,A truck hauling a box,5,0,4,4,5,5,5,5,5,5,5,4.333333333
Tripo,A vintage rocking chair with curved arms and a woven cane seat,5,5,0,5,5,5,5,5,5,5,5,5
Tripo,A watermelon with golden and silver stripes,5,3,0,4,4.666666667,5,5,5,5,5,5,4
Tripo,A whale inside a bag,5,0,3.666666667,4,5,4.666666667,5,5,4.666666667,4.666666667,4.333333333,4.333333333
Tripo,A white ceramic vase with floral motifs,5,5,0,5,4.666666667,4,5,5,5,4.333333333,5,5
Tripo,A white dog with wings,5,5,0,5,5,5,5,5,5,5,5,5
Tripo,"A white headphones with soft, padded ear cups and a black headband",5,5,0,5,5,5,5,5,5,5,5,5
Tripo,A white milk carton with a yellow logo,5,5,0,5,5,5,5,5,5,5,5,5
Tripo,A white rabbit nibbling on a carrot,5,5,5,5,5,5,5,5,5,5,5,5
Tripo,A white rabbit with round ears,5,3,0,4,5,5,5,5,5,5,5,4
Tripo,A white scarf with fringed edges,4.666666667,3.333333333,0,4,5,4,5,5,5,4.666666667,5,4
Tripo,A wide hat,5,5,0,5,5,4.666666667,5,4.666666667,5,5,5,4.666666667
Tripo,A wide-brimmed straw hat with a black ribbon and a woven texture,5,5,0,5,5,5,5,5,4,5,5,5
Tripo,A willow tree with silvery branches and a slender trunk,5,4.333333333,0,4.333333333,4.666666667,5,4.333333333,4.666666667,5,4.333333333,5,4.666666667
Tripo,A wooden apple above a brass plate,5,3,5,4,5,5,5,5,5,5,5,4
Tripo,A wooden chair with a cushioned seat placed next to a round table,5,5,5,5,5,5,5,5,5,5,5,5
Tripo,A wooden desk with square drawers,5,5,0,5,5,5,5,5,5,5,5,5
Tripo,A wooden dining table with cylindrical legs,5,5,0,5,5,4.666666667,5,5,5,5,5,5
Tripo,A wooden guitar with a curved body and metal strings,5,4.666666667,0,4.666666667,5,4.666666667,4,5,4.666666667,4.333333333,5,3.666666667
Tripo,A wooden house,5,5,0,5,4.666666667,4,5,5,5,4,5,4.666666667
Tripo,A wooden violin,5,5,0,5,4.666666667,4.666666667,4.666666667,4.666666667,5,4.666666667,3,4
Tripo,A yellow banana with brown spots,5,5,0,5,5,5,5,5,5,5,5,5
Tripo,A yellow canary with a pointed beak and a copper crest on its head,1.666666667,3,0,3,5,5,5,5,5,5,5,4
Tripo,An apple next to a banana,5,0,5,5,5,5,5,5,5,5,5,5
Tripo,An earring designed as miniature chandeliers adorned with crystals,4,5,0,4,4.666666667,4,5,5,5,5,5,4.666666667
Tripo,An octopus playing the piano,5,0,5,5,5,5,5,4.666666667,5,5,5,5
Tripo,"An office building with a flat roof, and evenly spaced windows",5,5,0,5,4.666666667,4.333333333,5,5,5,5,5,5
Tripo,An olive-shaped metal leaf,5,3,0,4,5,5,5,5,5,5,5,4
Tripo,An orange cat with a long tail,5,5,0,5,5,5,5,5,5,5,5,5
Tripo,An orange square chimney,5,5,0,5,5,5,5,5,5,5,5,5
Tripo,"An oval-shaped hummingbird with thin legs, and a pointed beak",5,5,0,5,5,5,5,5,5,5,5,5
Tripo,An owl on a boat,5,0,5,5,5,5,5,5,5,5,5,5
Tripo,An umbrella with a curved handle,5,5,0,5,5,4,5,5,5,5,5,5
Tripo,Several quadrangle stars on the surface of a coffee cup,5,3,0,4,5,4,5,5,5,5,5,4.666666667
